,Name,Minutes Played,Field Goals,Field Goals Attempted,Field Goal %,3-Point Field Goals,3-Point Field Goals Attempted,3-Point Field Goal %,2-Point Field Goals,2-Point Field Goals Attempted,2-Point Field Goal %,Effective Field Goal %,Free Throws,Free Throws Attempted,Free Throw %,Offensive Rebounds,Defensive Rebounds,Total Rebounds,Assists,Steals,Blocks,Turnovers,Personal Fouls,Points
2,Trae Young,30.9,6.5,15.5,0.418,1.9,6.0,0.324,4.6,9.6,0.477,0.48,4.2,5.1,0.829,0.8,2.9,3.7,8.1,0.9,0.2,3.8,1.7,19.1
3,John Collins,30.0,7.6,13.6,0.56,0.9,2.6,0.348,6.7,11.0,0.609,0.593,3.3,4.4,0.763,3.6,6.2,9.8,2.0,0.4,0.6,2.0,3.3,19.5
4,Taurean Prince,28.2,4.8,10.8,0.441,2.2,5.7,0.39,2.5,5.1,0.498,0.545,1.7,2.1,0.819,0.4,3.2,3.6,2.1,1.0,0.3,1.8,2.6,13.5
5,Kevin Huerter,27.3,3.7,8.8,0.419,1.8,4.7,0.385,1.9,4.1,0.457,0.522,0.5,0.7,0.732,0.8,2.5,3.3,2.9,0.9,0.3,1.5,2.1,9.7
6,Dewayne Dedmon,25.1,4.0,8.2,0.492,1.3,3.4,0.382,2.8,4.8,0.57,0.571,1.4,1.8,0.814,1.6,5.9,7.5,1.4,1.1,1.1,1.3,3.3,10.8
7,Kent Bazemore,24.5,4.1,10.3,0.402,1.4,4.5,0.32,2.7,5.8,0.465,0.472,1.9,2.6,0.726,0.6,3.3,3.9,2.3,1.3,0.6,1.8,2.5,11.6
8,DeAndre' Bembry,23.5,3.4,7.5,0.446,0.6,2.1,0.289,2.7,5.4,0.508,0.487,1.1,1.7,0.64,0.7,3.7,4.4,2.5,1.3,0.5,1.7,2.3,8.4
9,Alex Len,20.1,4.2,8.4,0.494,1.0,2.6,0.363,3.2,5.8,0.554,0.551,1.8,2.8,0.648,2.1,3.5,5.5,1.1,0.4,0.9,1.3,2.6,11.1
10,Jeremy Lin,19.7,3.5,7.6,0.466,0.9,2.6,0.333,2.7,5.0,0.535,0.523,2.8,3.3,0.845,0.3,2.0,2.3,3.5,0.7,0.1,1.9,1.9,10.7
11,Vince Carter,17.5,2.6,6.2,0.419,1.6,4.2,0.389,1.0,2.0,0.48,0.55,0.6,0.9,0.712,0.4,2.1,2.6,1.1,0.6,0.4,0.6,1.9,7.4
12,Omari Spellman,17.5,2.1,5.3,0.402,1.0,2.8,0.344,1.2,2.5,0.466,0.492,0.7,1.0,0.711,1.6,2.7,4.2,1.0,0.6,0.5,0.7,1.5,5.9
13,Alex Poythress,14.5,1.9,3.9,0.494,0.4,1.1,0.391,1.5,2.8,0.534,0.549,0.9,1.4,0.621,1.4,2.2,3.6,0.8,0.2,0.5,0.6,2.2,5.1
14,Deyonta Davis,13.1,1.7,2.4,0.682,0.0,0.1,0.0,1.7,2.3,0.714,0.682,0.7,1.1,0.6,1.1,2.9,4.0,0.6,0.3,0.6,0.3,1.3,4.0
15,Jaylen Adams,12.6,1.1,3.2,0.345,0.7,2.2,0.338,0.4,1.1,0.361,0.459,0.2,0.3,0.778,0.3,1.4,1.8,1.9,0.4,0.1,0.8,1.3,3.2
16,Isaac Humphries,11.2,1.2,4.2,0.286,0.6,2.2,0.273,0.6,2.0,0.3,0.357,0.0,0.0,0.0,0.8,1.4,2.2,0.0,0.2,0.0,0.0,1.4,3.0
17,Daniel Hamilton,10.7,1.2,3.2,0.383,0.4,1.2,0.348,0.8,1.9,0.405,0.45,0.2,0.3,0.5,0.5,1.9,2.5,1.2,0.3,0.1,0.8,1.0,3.0
18,Justin Anderson,9.6,1.3,3.3,0.408,0.5,1.6,0.312,0.8,1.7,0.5,0.484,0.5,0.7,0.743,0.5,1.3,1.8,0.5,0.5,0.3,0.5,1.0,3.7
19,Miles Plumlee,9.6,1.8,2.7,0.667,0.0,0.0,0.0,1.8,2.7,0.667,0.667,0.9,1.7,0.533,0.9,1.3,2.2,0.9,0.3,0.2,0.6,0.8,4.4
20,Tyler Dorsey,9.3,1.2,3.3,0.36,0.4,1.4,0.256,0.8,1.9,0.44,0.416,0.6,1.0,0.615,0.3,1.3,1.6,0.6,0.3,0.0,0.4,0.7,3.3
21,B.J. Johnson,7.2,1.3,2.7,0.5,0.5,1.0,0.5,0.8,1.7,0.5,0.594,0.3,0.3,1.0,0.3,1.0,1.3,0.0,0.3,0.0,0.3,0.5,3.5
22,Tyler Zeller,5.5,0.0,1.0,0.0,0.0,0.5,0.0,0.0,0.5,0.0,0.0,0.0,0.0,0.0,1.0,2.0,3.0,0.5,0.0,0.0,0.0,2.0,0.0
23,Jordan Sibert,4.0,1.0,1.0,1.0,1.0,1.0,1.0,0.0,0.0,0.0,1.5,0.0,0.0,0.0,0.0,0.0,0.0,0.0,0.0,0.0,0.0,0.0,3.0
24,Kyrie Irving,33.0,9.0,18.5,0.487,2.6,6.5,0.401,6.4,12.0,0.533,0.557,3.2,3.7,0.873,1.1,3.9,5.0,6.9,1.5,0.5,2.6,2.5,23.8
25,Jayson Tatum,31.1,5.9,13.1,0.45,1.5,3.9,0.373,4.4,9.2,0.483,0.506,2.5,2.9,0.855,0.9,5.2,6.0,2.1,1.1,0.7,1.5,2.1,15.7
26,Al Horford,29.0,5.7,10.6,0.535,1.1,3.0,0.36,4.6,7.6,0.604,0.586,1.1,1.4,0.821,1.8,5.0,6.7,4.2,0.9,1.3,1.5,1.9,13.6
27,Marcus Morris,27.9,5.0,11.3,0.447,1.9,5.2,0.375,3.1,6.1,0.508,0.533,1.9,2.3,0.844,1.0,5.1,6.1,1.5,0.6,0.3,1.2,2.4,13.9
28,Marcus Smart,27.5,3.0,7.1,0.422,1.6,4.3,0.364,1.4,2.8,0.511,0.533,1.3,1.6,0.806,0.7,2.2,2.9,4.0,1.8,0.4,1.5,2.5,8.9
29,R.J. Hunter,26.0,6.0,13.0,0.462,4.0,10.0,0.4,2.0,3.0,0.667,0.615,1.0,2.0,0.5,1.0,2.0,3.0,3.0,1.0,0.0,0.0,3.0,17.0
30,Jaylen Brown,25.9,5.0,10.7,0.465,1.3,3.7,0.344,3.7,7.0,0.529,0.525,1.8,2.7,0.658,0.9,3.4,4.2,1.4,0.9,0.4,1.3,2.5,13.0
31,Gordon Hayward,25.9,4.1,8.8,0.466,1.1,3.2,0.333,3.0,5.6,0.542,0.527,2.2,2.6,0.834,0.7,3.8,4.5,3.4,0.9,0.3,1.5,1.4,11.5
32,Terry Rozier,22.7,3.3,8.4,0.387,1.5,4.3,0.353,1.8,4.2,0.422,0.477,0.9,1.2,0.785,0.4,3.5,3.9,2.9,0.9,0.3,0.9,1.3,9.0
33,Aron Baynes,16.1,2.1,4.4,0.471,0.4,1.2,0.344,1.6,3.2,0.519,0.518,1.0,1.2,0.855,1.7,3.0,4.7,1.1,0.2,0.7,0.8,2.5,5.6
34,Daniel Theis,13.8,2.2,4.0,0.549,0.4,1.0,0.388,1.8,3.0,0.603,0.598,0.8,1.2,0.737,1.3,2.1,3.4,1.0,0.3,0.6,0.5,2.4,5.7
35,Semi Ojeleye,10.6,1.2,2.8,0.424,0.5,1.6,0.315,0.7,1.2,0.565,0.513,0.4,0.7,0.615,0.4,1.1,1.5,0.4,0.2,0.1,0.3,0.8,3.3
36,Brad Wanamaker,9.5,1.4,2.9,0.476,0.4,1.1,0.41,0.9,1.8,0.515,0.552,0.7,0.8,0.857,0.1,1.1,1.1,1.6,0.3,0.1,0.5,0.9,3.9
37,Robert Williams,8.8,1.1,1.6,0.706,0.0,0.0,0.0,1.1,1.6,0.706,0.706,0.3,0.5,0.6,0.8,1.7,2.5,0.2,0.3,1.3,0.3,1.1,2.5
38,PJ Dozier,8.5,1.3,3.5,0.381,0.3,1.3,0.25,1.0,2.2,0.462,0.429,0.2,0.3,0.5,1.0,1.8,2.8,0.8,0.3,0.0,0.0,0.3,3.2
39,Guerschon Yabusele,6.1,0.9,1.9,0.455,0.2,0.7,0.321,0.6,1.2,0.531,0.513,0.4,0.5,0.682,0.6,0.7,1.3,0.4,0.2,0.2,0.4,0.8,2.3
40,Greg Monroe,2.5,1.5,2.5,0.6,0.0,0.0,0.0,1.5,2.5,0.6,0.6,0.0,0.0,0.0,1.5,0.0,1.5,0.5,0.0,0.0,0.0,0.0,3.0
41,D'Angelo Russell,30.2,8.1,18.7,0.434,2.9,7.8,0.369,5.2,10.9,0.482,0.512,2.0,2.5,0.78,0.7,3.2,3.9,7.0,1.2,0.2,3.1,1.7,21.1
42,Joe Harris,30.2,4.9,9.8,0.5,2.4,5.1,0.474,2.5,4.8,0.528,0.622,1.4,1.8,0.827,0.7,3.1,3.8,2.4,0.5,0.2,1.6,2.4,13.7
43,Spencer Dinwiddie,28.1,5.4,12.2,0.442,1.8,5.4,0.335,3.6,6.7,0.528,0.517,4.2,5.2,0.806,0.4,2.1,2.4,4.6,0.6,0.3,2.2,2.8,16.8
44,Caris LeVert,26.6,5.2,12.1,0.429,1.2,3.9,0.312,4.0,8.2,0.483,0.478,2.1,3.1,0.691,0.9,2.9,3.8,3.9,1.1,0.4,1.7,1.9,13.7
45,Allen Crabbe,26.3,3.2,8.7,0.367,2.3,6.0,0.378,0.9,2.7,0.342,0.499,1.0,1.3,0.732,0.4,3.1,3.4,1.1,0.5,0.3,1.1,2.4,9.6
46,Jarrett Allen,26.2,4.2,7.1,0.59,0.1,0.6,0.133,4.1,6.5,0.629,0.595,2.5,3.5,0.709,2.4,6.0,8.4,1.4,0.5,1.5,1.3,2.3,10.9
47,DeMarre Carroll,25.4,3.4,8.6,0.395,1.6,4.6,0.342,1.8,4.0,0.457,0.487,2.7,3.6,0.76,1.0,4.2,5.2,1.3,0.5,0.1,1.1,1.7,11.1
48,Rondae Hollis-Jefferson,20.9,3.4,8.3,0.411,0.2,0.8,0.184,3.2,7.4,0.436,0.42,2.0,3.1,0.645,1.4,3.8,5.3,1.6,0.7,0.5,1.2,1.8,8.9
49,Jared Dudley,20.7,1.7,4.1,0.423,0.9,2.6,0.351,0.8,1.5,0.545,0.533,0.5,0.8,0.696,0.6,2.1,2.6,1.4,0.6,0.3,0.7,2.2,4.9
50,Rodions Kurucs,20.5,3.2,7.1,0.45,0.9,2.9,0.315,2.3,4.2,0.543,0.514,1.1,1.5,0.783,0.9,3.0,3.9,0.8,0.7,0.4,1.2,2.3,8.5
51,Treveon Graham,20.4,1.8,5.5,0.335,1.1,3.7,0.297,0.7,1.8,0.413,0.435,0.5,0.6,0.818,0.7,2.4,3.1,1.0,0.4,0.2,0.5,1.9,5.3
52,Ed Davis,17.9,2.3,3.7,0.616,0.0,0.0,0.0,2.3,3.7,0.62,0.616,1.2,2.0,0.617,2.7,5.9,8.6,0.8,0.4,0.4,0.8,2.8,5.8
53,Shabazz Napier,17.6,3.0,7.8,0.389,1.4,4.1,0.333,1.7,3.7,0.449,0.476,2.1,2.5,0.833,0.3,1.5,1.8,2.6,0.7,0.3,1.2,1.2,9.4
54,Theo Pinson,11.7,1.4,4.1,0.342,0.7,2.6,0.261,0.7,1.5,0.481,0.425,1.1,1.2,0.864,0.2,1.8,2.0,1.2,0.3,0.0,1.0,0.8,4.5
55,Kenneth Faried,9.8,2.1,3.5,0.595,0.1,0.4,0.2,2.0,3.1,0.649,0.607,0.8,1.3,0.625,1.3,2.4,3.7,0.2,0.2,0.3,0.5,0.7,5.1
56,Mitch Creek,9.0,1.3,2.5,0.5,0.0,0.3,0.0,1.3,2.3,0.556,0.5,1.3,1.8,0.714,1.3,1.3,2.5,1.3,0.3,0.0,0.0,0.8,3.8
57,Tahjere McCall,8.0,2.0,3.0,0.667,0.0,1.0,0.0,2.0,2.0,1.0,0.667,0.0,1.0,0.0,0.0,1.0,1.0,0.0,0.0,0.0,0.0,2.0,4.0
58,Alan Williams,5.2,1.6,2.6,0.615,0.0,0.2,0.0,1.6,2.4,0.667,0.615,0.4,0.8,0.5,0.8,3.0,3.8,0.6,0.2,0.0,0.2,0.4,3.6
59,Danan Musa,4.3,1.0,2.4,0.409,0.1,1.1,0.1,0.9,1.3,0.667,0.432,0.0,0.2,0.0,0.1,0.4,0.6,0.2,0.2,0.0,0.4,0.1,2.1
60,Justin Holiday,34.9,4.0,10.4,0.383,2.6,7.1,0.359,1.4,3.3,0.435,0.506,1.1,1.2,0.891,0.5,3.9,4.4,2.2,1.8,0.6,1.2,2.1,11.6
61,Zach LaVine,34.5,8.4,18.0,0.467,1.9,5.1,0.374,6.5,12.9,0.504,0.52,5.0,6.0,0.832,0.6,4.0,4.7,4.5,1.0,0.4,3.4,2.2,23.7
62,Otto Porter Jr.,32.8,6.5,13.4,0.483,2.6,5.3,0.488,3.9,8.1,0.479,0.58,1.9,2.1,0.906,0.9,4.6,5.5,2.7,1.2,0.6,1.7,1.9,17.5
63,Lauri Markkanen,32.3,6.6,15.3,0.43,2.3,6.4,0.361,4.3,8.9,0.479,0.506,3.3,3.8,0.872,1.4,7.6,9.0,1.4,0.7,0.6,1.6,2.3,18.7
64,JaKarr Sampson,31.8,7.3,13.5,0.537,1.3,3.5,0.357,6.0,10.0,0.6,0.583,4.3,5.3,0.81,1.3,6.8,8.0,1.0,1.0,0.8,1.0,2.0,20.0
65,Kris Dunn,30.2,4.7,11.0,0.425,0.7,2.1,0.354,3.9,8.9,0.441,0.458,1.2,1.5,0.797,0.4,3.7,4.1,6.0,1.5,0.5,2.3,3.6,11.3
66,Walt Lemon Jr.,27.8,6.3,14.5,0.437,0.3,0.8,0.4,6.0,13.7,0.439,0.448,1.3,1.8,0.727,0.7,3.8,4.5,5.0,1.8,0.2,1.7,2.3,14.3
67,Jabari Parker,26.7,5.6,11.9,0.474,0.9,2.9,0.325,4.7,9.0,0.523,0.514,2.0,2.8,0.731,1.1,5.1,6.2,2.2,0.6,0.4,2.2,2.2,14.3
68,Wendell Carter Jr.,25.2,4.1,8.4,0.485,0.1,0.7,0.188,4.0,7.7,0.513,0.493,2.0,2.5,0.795,2.0,5.0,7.0,1.8,0.6,1.3,1.5,3.5,10.3
69,Ryan Arcidiacono,24.2,2.3,5.2,0.447,1.0,2.7,0.373,1.3,2.5,0.527,0.544,1.1,1.3,0.873,0.3,2.4,2.7,3.3,0.8,0.0,0.8,2.1,6.7
70,Bobby Portis,24.1,5.5,12.3,0.45,1.2,3.3,0.375,4.3,9.0,0.477,0.5,1.8,2.3,0.78,2.1,5.2,7.3,1.3,0.5,0.4,1.3,2.8,14.1
71,Wayne Selden,22.9,3.0,7.5,0.407,0.8,2.6,0.315,2.2,4.9,0.455,0.461,1.0,1.5,0.714,0.5,2.7,3.2,1.7,0.5,0.2,1.3,1.9,8.0
72,Robin Lopez,21.7,4.1,7.2,0.568,0.1,0.4,0.226,4.0,6.8,0.589,0.575,1.2,1.7,0.724,1.9,2.0,3.9,1.2,0.1,1.1,1.3,1.7,9.5
73,Chandler Hutchison,20.3,2.2,4.8,0.459,0.3,1.1,0.28,1.9,3.6,0.516,0.493,0.5,0.9,0.605,0.7,3.5,4.2,0.8,0.5,0.1,0.6,1.3,5.2
74,Shaquille Harrison,19.6,2.5,5.8,0.432,0.3,1.2,0.27,2.2,4.6,0.475,0.46,1.1,1.7,0.667,0.5,2.6,3.0,1.9,1.2,0.4,0.8,1.7,6.5
75,Timothé Luwawu-Cabarrot,18.8,2.4,6.0,0.394,1.1,3.2,0.33,1.3,2.8,0.469,0.483,0.9,1.2,0.771,0.2,2.5,2.7,0.8,0.5,0.2,0.6,2.0,6.8
76,Cameron Payne,17.3,2.2,5.4,0.411,0.5,1.9,0.271,1.7,3.5,0.486,0.458,0.7,0.8,0.88,0.3,1.4,1.7,2.7,0.6,0.2,1.1,1.6,5.7
77,Brandon Sampson,15.3,2.0,4.3,0.467,0.8,2.1,0.379,1.2,2.2,0.548,0.558,0.3,0.4,0.667,0.2,0.9,1.1,0.7,0.6,0.2,0.9,1.4,5.1
78,Antonio Blakeney,14.5,2.9,6.9,0.419,0.6,1.6,0.396,2.3,5.4,0.426,0.465,0.9,1.3,0.658,0.1,1.7,1.9,0.7,0.2,0.2,0.6,0.7,7.3
79,Cristiano Felício,12.4,1.6,3.0,0.531,0.0,0.1,0.0,1.6,2.9,0.543,0.531,0.8,1.2,0.685,1.3,2.3,3.6,0.6,0.2,0.1,0.6,1.2,4.0
80,Rawle Alkins,12.0,1.3,3.9,0.333,0.3,1.2,0.25,1.0,2.7,0.37,0.372,0.8,1.2,0.667,1.1,1.5,2.6,1.3,0.1,0.0,0.8,0.7,3.7
81,Tyler Ulis,1.0,0.0,0.0,0.0,0.0,0.0,0.0,0.0,0.0,0.0,0.0,0.0,0.0,0.0,0.0,0.0,0.0,0.0,0.0,0.0,0.0,0.0,0.0
82,Kemba Walker,34.9,8.9,20.5,0.434,3.2,8.9,0.356,5.7,11.6,0.494,0.511,4.6,5.5,0.844,0.6,3.8,4.4,5.9,1.2,0.4,2.6,1.6,25.6
83,Nicolas Batum,31.4,3.4,7.5,0.45,1.5,4.0,0.389,1.8,3.5,0.519,0.553,1.0,1.2,0.865,0.9,4.3,5.2,3.3,0.9,0.6,1.6,1.9,9.3
84,Jeremy Lamb,28.5,5.5,12.4,0.44,1.5,4.2,0.348,4.0,8.2,0.487,0.499,2.9,3.3,0.888,0.8,4.7,5.5,2.2,1.1,0.4,1.0,1.8,15.3
85,Marvin Williams,28.4,3.7,8.7,0.422,1.9,5.1,0.366,1.8,3.6,0.5,0.529,0.9,1.1,0.767,1.0,4.4,5.4,1.2,0.9,0.8,0.6,2.1,10.1
86,Cody Zeller,25.4,3.9,7.0,0.551,0.1,0.4,0.273,3.8,6.6,0.57,0.559,2.3,2.9,0.787,2.2,4.6,6.8,2.1,0.8,0.8,1.3,3.3,10.1
87,Miles Bridges,21.2,3.0,6.4,0.464,0.8,2.5,0.325,2.2,3.9,0.553,0.527,0.7,1.0,0.753,0.8,3.2,4.0,1.2,0.7,0.6,0.6,1.4,7.5
88,Michael Kidd-Gilchrist,18.4,2.5,5.2,0.476,0.3,0.7,0.34,2.2,4.5,0.498,0.5,1.5,1.9,0.772,1.4,2.5,3.8,1.0,0.5,0.6,0.7,2.4,6.7
89,Tony Parker,17.9,3.8,8.3,0.46,0.2,0.9,0.255,3.6,7.4,0.485,0.474,1.6,2.2,0.734,0.3,1.2,1.5,3.7,0.4,0.1,1.3,0.9,9.5
90,Dwayne Bacon,17.7,2.8,6.0,0.475,0.9,2.0,0.437,2.0,4.0,0.494,0.549,0.8,1.1,0.739,0.2,1.9,2.1,1.1,0.3,0.1,0.4,1.7,7.3
91,Malik Monk,17.2,3.1,8.0,0.387,1.5,4.5,0.33,1.6,3.5,0.461,0.48,1.2,1.4,0.882,0.2,1.7,1.9,1.6,0.5,0.3,1.2,1.5,8.9
92,Frank Kaminsky,16.1,2.9,6.3,0.463,1.1,3.0,0.36,1.9,3.4,0.553,0.547,1.7,2.3,0.738,0.8,2.6,3.5,1.3,0.3,0.3,0.9,1.4,8.6
93,Devonte' Graham,14.7,1.6,4.7,0.343,0.7,2.6,0.281,0.9,2.1,0.421,0.421,0.8,1.0,0.761,0.2,1.2,1.4,2.6,0.5,0.0,0.7,1.0,4.7
94,Bismack Biyombo,14.5,1.6,2.9,0.571,0.0,0.0,0.0,1.6,2.9,0.571,0.571,1.1,1.7,0.637,1.5,3.1,4.6,0.6,0.2,0.8,0.6,1.9,4.4
95,Willy Hernangómez,14.0,2.6,5.1,0.519,0.3,0.7,0.385,2.4,4.4,0.539,0.544,1.7,2.5,0.694,2.0,3.3,5.4,1.0,0.3,0.3,1.0,1.7,7.3
96,Shelvin Mack,10.5,0.5,3.5,0.143,0.0,0.5,0.0,0.5,3.0,0.167,0.143,1.3,2.3,0.556,0.0,0.5,0.5,0.3,0.5,0.0,1.0,0.8,2.3
97,J.P. Macura,8.5,1.5,4.5,0.333,0.0,2.0,0.0,1.5,2.5,0.6,0.333,0.0,0.0,0.0,0.0,1.5,1.5,1.0,0.0,0.0,0.0,0.0,3.0
98,Joe Chealey,8.0,1.0,3.0,0.333,0.0,0.0,0.0,1.0,3.0,0.333,0.333,0.0,0.0,0.0,0.0,0.0,0.0,1.0,0.0,0.0,0.0,1.0,2.0
99,Cedi Osman,32.2,4.7,11.1,0.427,1.7,4.9,0.348,3.0,6.2,0.489,0.504,1.9,2.4,0.779,0.6,4.1,4.7,2.6,0.8,0.1,1.5,2.6,13.0
100,Collin Sexton,31.8,6.3,14.7,0.43,1.5,3.6,0.402,4.9,11.1,0.44,0.48,2.6,3.1,0.839,0.7,2.2,2.9,3.0,0.5,0.1,2.3,2.3,16.7
101,Alec Burks,28.8,4.0,10.0,0.4,1.3,3.5,0.378,2.7,6.5,0.412,0.466,2.3,2.9,0.806,0.8,4.7,5.5,2.9,0.7,0.5,1.4,1.8,11.6
102,Tristan Thompson,27.9,4.7,8.8,0.529,0.0,0.0,0.0,4.7,8.8,0.529,0.529,1.6,2.5,0.642,4.0,6.2,10.2,2.0,0.7,0.4,1.4,2.1,10.9
103,Rodney Hood,27.4,4.3,10.1,0.427,1.2,3.4,0.362,3.1,6.7,0.46,0.488,2.3,2.5,0.912,0.4,2.1,2.5,2.0,0.8,0.1,0.8,2.2,12.2
104,Jordan Clarkson,27.3,6.5,14.6,0.448,1.8,5.5,0.324,4.8,9.1,0.524,0.509,2.0,2.4,0.844,1.0,2.3,3.3,2.4,0.7,0.2,1.7,1.4,16.8
105,Kevin Love,27.2,5.0,12.9,0.385,2.4,6.7,0.361,2.5,6.2,0.412,0.479,4.7,5.2,0.904,1.5,9.4,10.9,2.2,0.3,0.2,1.9,2.5,17.0
106,Larry Nance Jr.,26.8,3.7,7.1,0.52,0.5,1.5,0.337,3.2,5.7,0.567,0.554,1.4,2.0,0.716,2.5,5.7,8.2,3.2,1.5,0.6,1.4,2.9,9.4
107,George Hill,26.5,4.2,8.2,0.514,1.0,2.2,0.464,3.2,6.1,0.532,0.575,1.3,1.5,0.85,0.9,1.2,2.1,2.8,0.9,0.1,1.5,2.7,10.8
108,Brandon Knight,22.9,3.3,7.9,0.413,1.3,3.6,0.371,1.9,4.3,0.448,0.498,0.7,0.9,0.783,0.3,1.5,1.9,2.3,0.7,0.1,0.9,1.8,8.5
109,J.R. Smith,20.2,2.5,7.2,0.342,1.1,3.5,0.308,1.4,3.6,0.375,0.418,0.7,0.9,0.8,0.0,1.6,1.6,1.9,1.0,0.3,1.0,1.7,6.7
110,Matthew Dellavedova,19.9,2.6,6.2,0.413,1.1,3.3,0.336,1.4,2.9,0.5,0.502,1.1,1.3,0.792,0.2,1.7,1.9,4.2,0.3,0.1,1.6,1.8,7.3
111,Cameron Payne,19.6,3.0,6.1,0.491,1.0,2.8,0.36,2.0,3.3,0.6,0.573,1.2,1.8,0.688,0.3,1.8,2.1,2.6,0.9,0.3,1.2,1.7,8.2
112,David Nwaba,19.3,2.5,5.1,0.481,0.5,1.5,0.32,2.0,3.7,0.545,0.527,1.1,1.7,0.682,0.8,2.4,3.2,1.1,0.7,0.3,0.6,2.1,6.5
113,Sam Dekker,18.8,2.4,5.3,0.458,0.6,1.4,0.385,1.9,3.9,0.486,0.51,0.9,1.1,0.8,1.0,2.7,3.7,1.0,1.2,0.0,0.6,1.4,6.3
114,Ante ii,18.3,3.1,5.6,0.553,0.0,0.0,0.0,3.1,5.6,0.553,0.553,1.6,2.2,0.705,1.8,3.6,5.4,0.9,0.2,0.4,1.0,1.9,7.8
115,Patrick McCaw,17.7,0.7,3.0,0.222,0.3,1.3,0.25,0.3,1.7,0.2,0.278,0.0,0.0,0.0,0.0,1.0,1.0,0.7,0.7,0.0,1.0,0.3,1.7
116,Jaron Blossomgame,16.3,1.7,3.9,0.443,0.4,1.4,0.256,1.4,2.5,0.552,0.491,0.4,0.5,0.769,1.0,2.7,3.6,0.5,0.3,0.3,0.4,0.7,4.2
117,Kyle Korver,15.7,2.2,4.8,0.461,1.6,3.4,0.463,0.6,1.4,0.455,0.625,0.8,1.0,0.813,0.0,1.8,1.8,1.1,0.2,0.1,1.1,1.4,6.8
118,Marquese Chriss,14.6,2.1,5.4,0.384,0.6,2.1,0.263,1.5,3.3,0.461,0.435,1.0,1.4,0.684,1.2,3.0,4.2,0.6,0.6,0.3,0.9,2.4,5.7
119,Andrew Harrison,14.4,1.2,3.9,0.308,0.3,1.4,0.214,0.9,2.5,0.36,0.346,1.6,1.6,1.0,0.4,1.1,1.5,1.7,0.4,0.2,1.0,2.6,4.3
120,Nik Stauskas,14.3,1.7,4.5,0.367,1.1,2.6,0.429,0.5,1.9,0.283,0.491,1.0,1.2,0.893,0.3,1.6,2.0,0.8,0.3,0.1,0.5,0.8,5.5
121,Jalen Jones,13.4,1.6,3.9,0.419,0.6,1.8,0.357,1.0,2.1,0.471,0.5,1.2,1.7,0.704,0.7,1.4,2.1,0.4,0.6,0.1,0.5,1.7,5.1
122,Deng Adel,10.2,0.6,1.9,0.306,0.3,1.2,0.261,0.3,0.7,0.385,0.389,0.2,0.2,1.0,0.2,0.8,1.0,0.3,0.1,0.2,0.3,0.7,1.7
123,Channing Frye,9.5,1.2,3.3,0.368,0.9,2.2,0.405,0.3,1.1,0.289,0.504,0.3,0.4,0.786,0.1,1.3,1.4,0.6,0.2,0.1,0.4,1.2,3.6
124,Kobi Simmons,2.0,0.0,0.0,0.0,0.0,0.0,0.0,0.0,0.0,0.0,0.0,0.0,0.0,0.0,0.0,0.0,0.0,0.0,0.0,0.0,0.0,0.0,0.0
125,John Holland,1.0,0.0,0.0,0.0,0.0,0.0,0.0,0.0,0.0,0.0,0.0,0.0,0.0,0.0,0.0,0.0,0.0,0.0,0.0,0.0,0.0,0.0,0.0
126,Harrison Barnes,32.3,5.9,14.6,0.404,2.5,6.3,0.389,3.4,8.3,0.416,0.489,3.4,4.0,0.833,0.7,3.5,4.2,1.3,0.7,0.2,1.4,1.6,17.7
127,Luka Doni,32.2,7.0,16.5,0.427,2.3,7.1,0.327,4.7,9.3,0.503,0.497,4.8,6.7,0.713,1.2,6.6,7.8,6.0,1.1,0.3,3.4,1.9,21.2
128,DeAndre Jordan,31.1,4.2,6.5,0.644,0.0,0.0,0.0,4.2,6.5,0.644,0.644,2.7,4.0,0.682,3.2,10.5,13.7,2.0,0.7,1.1,2.2,2.5,11.0
129,Wesley Matthews,29.8,4.4,10.7,0.414,2.3,6.0,0.38,2.1,4.7,0.456,0.52,2.0,2.5,0.791,0.5,1.9,2.3,2.3,0.8,0.3,1.3,2.3,13.1
130,Tim Hardaway Jr.,29.4,5.7,14.1,0.404,2.4,7.4,0.321,3.3,6.7,0.496,0.489,1.7,2.3,0.767,0.4,2.8,3.2,1.9,0.6,0.1,1.3,1.8,15.5
131,Dennis Smith Jr.,28.4,4.9,11.2,0.44,1.3,3.9,0.344,3.6,7.3,0.491,0.5,1.8,2.6,0.695,0.6,2.5,3.0,4.3,1.3,0.3,3.1,2.6,12.9
132,Dorian Finney-Smith,24.5,2.8,6.5,0.432,1.0,3.1,0.311,1.8,3.4,0.544,0.507,0.9,1.3,0.709,1.7,3.1,4.8,1.2,0.9,0.4,0.9,2.3,7.5
133,Jalen Brunson,21.8,3.6,7.7,0.467,0.9,2.5,0.348,2.8,5.3,0.523,0.523,1.2,1.6,0.725,0.3,2.0,2.3,3.2,0.5,0.1,1.2,1.7,9.3
134,Dwight Powell,21.6,3.8,6.3,0.597,0.5,1.6,0.307,3.3,4.7,0.699,0.637,2.5,3.3,0.772,1.8,3.5,5.3,1.5,0.6,0.6,0.9,2.6,10.6
135,Maxi Kleber,21.2,2.5,5.4,0.453,1.1,3.1,0.353,1.4,2.4,0.583,0.553,0.8,1.0,0.784,1.3,3.4,4.6,1.0,0.5,1.1,0.8,2.0,6.8
136,J.J. Barea,19.8,4.2,10.1,0.418,1.0,3.4,0.297,3.2,6.8,0.479,0.468,1.4,2.1,0.705,0.3,2.2,2.5,5.6,0.6,0.0,1.9,1.3,10.9
137,Justin Jackson,18.3,3.2,6.6,0.484,1.1,3.0,0.372,2.1,3.6,0.577,0.568,0.7,1.0,0.724,0.7,1.6,2.3,1.0,0.3,0.0,0.2,1.1,8.2
138,Trey Burke,17.4,3.5,7.6,0.463,1.0,2.9,0.356,2.5,4.7,0.53,0.532,1.6,2.0,0.837,0.5,1.0,1.5,2.6,0.5,0.1,0.8,1.0,9.7
139,Devin Harris,15.8,1.9,5.1,0.38,0.9,2.9,0.31,1.0,2.2,0.476,0.47,1.5,2.0,0.761,0.2,1.5,1.6,1.8,0.5,0.2,0.8,2.0,6.3
140,Dirk Nowitzki,15.6,2.6,7.4,0.359,1.3,4.0,0.312,1.4,3.4,0.415,0.444,0.8,1.0,0.78,0.1,3.0,3.1,0.7,0.2,0.4,0.4,1.5,7.3
141,Courtney Lee,12.2,1.5,3.7,0.39,0.5,1.8,0.282,1.0,2.0,0.488,0.457,0.2,0.3,0.714,0.1,1.1,1.2,1.0,0.6,0.0,0.4,0.9,3.6
142,Daryl Macon,11.3,1.3,3.4,0.37,0.6,1.4,0.455,0.6,2.0,0.313,0.463,0.5,0.9,0.571,0.3,1.3,1.5,0.9,0.1,0.0,0.8,1.0,3.6
143,Salah Mejri,11.1,1.5,3.1,0.491,0.3,0.9,0.324,1.2,2.2,0.564,0.54,0.6,0.9,0.625,1.0,2.6,3.6,1.0,0.3,0.7,0.6,1.5,3.9
144,Ryan Broekhoff,10.8,1.4,3.0,0.452,0.9,2.2,0.409,0.5,0.8,0.576,0.603,0.4,0.5,0.789,0.2,1.3,1.5,0.5,0.1,0.1,0.4,0.8,4.0
145,Kostas Antetokounmpo,5.5,0.0,1.5,0.0,0.0,0.0,0.0,0.0,1.5,0.0,0.0,1.0,2.0,0.5,0.0,0.5,0.5,0.0,1.0,0.0,0.5,0.0,1.0
146,Ray Spalding,1.0,0.0,0.0,0.0,0.0,0.0,0.0,0.0,0.0,0.0,0.0,0.0,0.0,0.0,0.0,0.0,0.0,0.0,0.0,0.0,0.0,0.0,0.0
147,Jamal Murray,32.6,6.8,15.6,0.437,2.0,5.5,0.367,4.8,10.1,0.476,0.502,2.5,3.0,0.848,0.9,3.4,4.2,4.8,0.9,0.4,2.1,2.0,18.2
148,Nikola Joki,31.3,7.7,15.1,0.511,1.0,3.4,0.307,6.7,11.7,0.569,0.545,3.6,4.4,0.821,2.9,8.0,10.8,7.3,1.4,0.7,3.1,2.9,20.1
149,Gary Harris,28.8,4.7,11.2,0.424,1.4,4.2,0.339,3.3,6.9,0.476,0.488,2.0,2.5,0.799,0.7,2.1,2.8,2.2,1.0,0.3,1.2,2.0,12.9
150,Will Barton,27.7,4.3,10.7,0.402,1.6,4.6,0.342,2.7,6.1,0.447,0.475,1.3,1.7,0.77,0.7,3.9,4.6,2.9,0.4,0.5,1.5,1.9,11.5
151,Paul Millsap,27.1,4.6,9.5,0.484,0.8,2.3,0.365,3.8,7.2,0.522,0.528,2.6,3.6,0.727,2.2,5.0,7.2,2.0,1.2,0.8,1.4,2.6,12.6
152,Monte Morris,24.0,4.2,8.6,0.493,1.1,2.8,0.414,3.1,5.8,0.531,0.56,0.8,1.0,0.802,0.4,1.9,2.4,3.6,0.9,0.0,0.6,1.2,10.4
153,Malik Beasley,23.2,4.3,9.1,0.474,2.0,5.0,0.402,2.3,4.1,0.56,0.584,0.7,0.8,0.848,0.4,2.0,2.5,1.2,0.7,0.1,0.7,1.4,11.3
154,Mason Plumlee,21.1,3.2,5.4,0.593,0.0,0.1,0.2,3.2,5.3,0.602,0.595,1.4,2.4,0.561,2.0,4.4,6.4,3.0,0.8,0.9,1.5,3.1,7.8
155,Torrey Craig,20.0,2.1,4.8,0.442,0.8,2.5,0.324,1.3,2.3,0.569,0.526,0.7,0.9,0.7,1.2,2.3,3.5,1.0,0.5,0.6,0.6,2.3,5.7
156,Juancho Hernangómez,19.4,2.0,4.5,0.439,0.9,2.6,0.365,1.0,1.9,0.541,0.545,0.9,1.2,0.767,0.9,2.9,3.8,0.8,0.4,0.3,0.5,1.3,5.8
157,Trey Lyles,17.5,3.2,7.7,0.418,0.8,3.1,0.255,2.4,4.6,0.529,0.47,1.3,1.8,0.698,0.7,3.2,3.8,1.4,0.5,0.4,1.1,1.5,8.5
158,Isaiah Thomas,15.1,2.8,8.3,0.343,1.0,3.6,0.279,1.8,4.7,0.393,0.404,1.4,2.3,0.63,0.4,0.7,1.1,1.9,0.4,0.1,1.5,1.4,8.1
159,Nick Young,9.3,0.8,2.3,0.333,0.8,2.0,0.375,0.0,0.3,0.0,0.5,0.0,0.0,0.0,0.0,0.3,0.3,0.5,0.0,0.3,0.5,1.0,2.3
160,Jarred Vanderbilt,4.1,0.5,1.1,0.474,0.0,0.1,0.0,0.5,1.1,0.5,0.474,0.4,0.6,0.6,0.4,0.9,1.4,0.2,0.4,0.1,0.5,0.5,1.4
161,Tyler Lydon,3.8,0.4,0.7,0.5,0.2,0.4,0.4,0.2,0.3,0.625,0.611,0.0,0.1,0.333,0.3,0.4,0.7,0.2,0.1,0.0,0.2,0.4,0.9
162,Brandon Goodwin,3.6,0.4,1.4,0.261,0.1,0.4,0.333,0.3,1.1,0.235,0.304,0.6,0.7,0.818,0.1,0.1,0.2,0.9,0.0,0.0,0.2,0.4,1.4
163,Thomas Welsh,3.3,0.6,1.2,0.538,0.3,0.6,0.429,0.4,0.5,0.667,0.654,0.1,0.2,0.5,0.0,0.4,0.4,0.5,0.0,0.0,0.1,0.3,1.6
164,DeVaughn Akoon-Purcell,3.1,0.4,1.4,0.3,0.0,0.6,0.0,0.4,0.9,0.5,0.3,0.1,0.3,0.5,0.1,0.4,0.6,0.9,0.3,0.0,0.3,0.6,1.0
165,Blake Griffin,35.0,8.3,17.9,0.462,2.5,7.0,0.362,5.7,10.9,0.525,0.532,5.5,7.3,0.753,1.3,6.2,7.5,5.4,0.7,0.4,3.4,2.7,24.5
166,Andre Drummond,33.5,7.1,13.3,0.533,0.1,0.5,0.132,7.0,12.8,0.548,0.536,3.1,5.2,0.59,5.4,10.2,15.6,1.4,1.7,1.7,2.2,3.4,17.3
167,Reggie Bullock,30.8,4.1,10.0,0.413,2.6,6.7,0.388,1.5,3.3,0.463,0.542,1.3,1.5,0.875,0.5,2.3,2.8,2.5,0.5,0.1,1.2,1.8,12.1
168,Reggie Jackson,27.9,5.4,12.8,0.421,2.1,5.7,0.369,3.3,7.0,0.464,0.504,2.5,2.9,0.864,0.5,2.1,2.6,4.2,0.7,0.1,1.8,2.5,15.4
169,Wayne Ellington,27.3,4.1,9.8,0.421,2.9,7.8,0.373,1.2,2.0,0.607,0.57,0.9,1.2,0.758,0.3,1.9,2.1,1.5,1.1,0.1,0.9,1.9,12.0
170,Luke Kennard,22.8,3.6,8.3,0.438,1.7,4.3,0.394,1.9,4.0,0.486,0.54,0.8,1.0,0.836,0.2,2.7,2.9,1.8,0.4,0.2,0.9,1.5,9.7
171,Ish Smith,22.3,3.7,8.7,0.419,0.8,2.4,0.326,2.9,6.3,0.455,0.464,0.8,1.1,0.758,0.4,2.2,2.6,3.6,0.5,0.2,1.1,1.9,8.9
172,Langston Galloway,21.8,2.9,7.3,0.388,1.7,4.8,0.355,1.2,2.6,0.449,0.503,1.0,1.2,0.844,0.6,1.5,2.1,1.1,0.5,0.1,0.3,1.7,8.4
173,Stanley Johnson,20.0,2.8,7.3,0.381,1.1,3.8,0.282,1.7,3.5,0.488,0.454,0.9,1.1,0.804,0.5,3.1,3.6,1.3,1.0,0.3,1.1,1.9,7.5
174,Bruce Brown,19.6,1.7,4.2,0.398,0.3,1.3,0.258,1.4,3.0,0.457,0.436,0.6,0.8,0.75,0.6,1.9,2.5,1.2,0.5,0.5,0.6,2.4,4.3
175,Thon Maker,19.4,1.7,4.6,0.373,0.8,2.6,0.307,0.9,2.0,0.458,0.459,1.2,1.6,0.766,0.8,2.8,3.7,0.9,0.4,1.1,0.8,1.7,5.5
176,Glenn Robinson III,13.0,1.6,3.7,0.42,0.4,1.3,0.29,1.2,2.4,0.491,0.472,0.7,0.9,0.8,0.4,1.1,1.5,0.4,0.3,0.2,0.4,1.0,4.2
177,José Calderón,12.9,0.9,2.4,0.375,0.3,1.2,0.246,0.6,1.3,0.492,0.433,0.2,0.2,0.818,0.2,1.0,1.2,2.3,0.3,0.1,0.7,1.3,2.3
178,Zaza Pachulia,12.9,1.3,2.8,0.44,0.0,0.1,0.0,1.3,2.8,0.45,0.44,1.4,1.8,0.782,1.5,2.4,3.9,1.3,0.5,0.3,0.8,2.2,3.9
179,Henry Ellenson,12.5,2.0,5.0,0.4,1.0,2.0,0.5,1.0,3.0,0.333,0.5,1.0,1.0,1.0,0.0,4.5,4.5,0.5,0.0,0.0,0.0,1.0,6.0
180,Jon Leuer,9.8,1.6,2.8,0.584,0.0,0.3,0.091,1.6,2.5,0.637,0.588,0.6,0.8,0.742,0.7,1.7,2.4,0.3,0.3,0.1,0.6,1.5,3.8
181,Khyri Thomas,7.5,0.8,2.7,0.319,0.4,1.3,0.286,0.5,1.3,0.353,0.391,0.3,0.4,0.636,0.2,0.6,0.8,0.3,0.3,0.2,0.2,0.8,2.3
182,Svi Mykhailiuk,6.7,0.7,2.7,0.25,0.7,1.3,0.5,0.0,1.3,0.0,0.375,0.0,0.0,0.0,0.3,0.3,0.7,1.3,0.3,0.0,0.3,0.0,2.0
183,Kalin Lucas,6.0,0.0,1.0,0.0,0.0,1.0,0.0,0.0,0.0,0.0,0.0,2.0,2.0,1.0,0.0,3.0,3.0,1.0,0.0,0.0,0.0,1.0,2.0
184,Zach Lofton,4.0,0.0,1.0,0.0,0.0,1.0,0.0,0.0,0.0,0.0,0.0,0.0,0.0,0.0,0.0,0.0,0.0,0.0,1.0,0.0,1.0,0.0,0.0
185,Kevin Durant,34.6,9.2,17.7,0.521,1.8,5.0,0.353,7.5,12.8,0.587,0.571,5.7,6.5,0.885,0.4,5.9,6.4,5.9,0.7,1.1,2.9,2.0,26.0
186,Klay Thompson,34.0,8.4,18.0,0.467,3.1,7.7,0.402,5.3,10.3,0.516,0.553,1.7,2.0,0.816,0.5,3.4,3.8,2.4,1.1,0.6,1.5,2.0,21.5
187,Stephen Curry,33.8,9.2,19.4,0.472,5.1,11.7,0.437,4.0,7.7,0.525,0.604,3.8,4.2,0.916,0.7,4.7,5.3,5.2,1.3,0.4,2.8,2.4,27.3
188,Draymond Green,31.3,2.8,6.4,0.445,0.7,2.5,0.285,2.1,3.9,0.549,0.501,1.0,1.4,0.692,0.9,6.4,7.3,6.9,1.4,1.1,2.6,3.0,7.4
189,DeMarcus Cousins,25.7,5.9,12.4,0.48,0.9,3.2,0.274,5.1,9.2,0.551,0.515,3.5,4.8,0.736,1.4,6.8,8.2,3.6,1.3,1.5,2.4,3.6,16.3
190,Andre Iguodala,23.2,2.2,4.4,0.5,0.7,2.1,0.333,1.5,2.3,0.652,0.579,0.6,1.0,0.582,0.7,3.0,3.7,3.2,0.9,0.8,0.8,1.4,5.7
191,Kevon Looney,18.5,2.7,4.3,0.625,0.0,0.1,0.1,2.7,4.2,0.641,0.627,0.8,1.3,0.619,2.4,2.8,5.2,1.5,0.6,0.7,0.6,2.6,6.3
192,Damian Jones,17.1,2.2,3.1,0.716,0.0,0.0,0.0,2.2,3.1,0.716,0.716,1.0,1.5,0.649,1.3,1.8,3.1,1.2,0.5,1.0,0.7,2.6,5.4
193,Jonas Jerebko,16.7,2.2,4.9,0.459,0.9,2.6,0.367,1.3,2.3,0.563,0.556,0.9,1.1,0.8,1.0,3.0,3.9,1.3,0.4,0.2,0.6,1.9,6.3
194,Shaun Livingston,15.1,1.7,3.3,0.519,0.0,0.0,0.0,1.7,3.3,0.524,0.519,0.6,0.8,0.784,0.7,1.2,1.8,1.8,0.5,0.4,0.6,1.2,4.0
195,Quinn Cook,14.3,2.8,5.9,0.465,1.1,2.7,0.405,1.7,3.2,0.515,0.557,0.3,0.4,0.769,0.3,1.8,2.1,1.6,0.3,0.0,0.7,1.2,6.9
196,Alfonzo McKinnie,13.9,1.9,3.8,0.487,0.6,1.6,0.356,1.3,2.2,0.586,0.564,0.4,0.7,0.563,1.1,2.3,3.4,0.4,0.3,0.2,0.4,1.9,4.7
197,Andrew Bogut,12.2,1.6,3.3,0.5,0.0,0.0,0.0,1.6,3.3,0.5,0.5,0.3,0.3,1.0,1.1,3.9,5.0,1.0,0.3,0.7,0.7,2.0,3.5
198,Damion Lee,11.7,1.8,4.0,0.441,0.8,2.1,0.397,0.9,1.8,0.492,0.547,0.6,0.7,0.864,0.3,1.8,2.0,0.4,0.4,0.0,0.3,0.9,4.9
199,Jordan Bell,11.6,1.5,2.8,0.516,0.0,0.0,0.0,1.5,2.8,0.521,0.516,0.4,0.6,0.61,0.8,1.9,2.7,1.1,0.3,0.8,0.6,1.2,3.3
200,Jacob Evans,6.8,0.6,1.8,0.34,0.1,0.5,0.267,0.5,1.3,0.368,0.377,0.0,0.0,0.0,0.2,0.6,0.8,0.8,0.2,0.1,0.4,0.9,1.3
201,Marcus Derrickson,6.1,1.5,3.0,0.485,0.9,1.8,0.5,0.5,1.2,0.462,0.636,0.4,0.5,0.8,0.7,0.5,1.2,0.1,0.0,0.1,0.3,0.8,4.2
202,James Harden,36.8,10.8,24.5,0.442,4.8,13.2,0.368,6.0,11.3,0.528,0.541,9.7,11.0,0.879,0.8,5.8,6.6,7.5,2.0,0.7,5.0,3.1,36.1
203,P.J. Tucker,34.2,2.5,6.4,0.396,1.8,4.7,0.377,0.7,1.7,0.449,0.535,0.5,0.7,0.695,1.5,4.4,5.8,1.2,1.6,0.5,0.8,3.1,7.3
204,Clint Capela,33.6,7.1,10.9,0.648,0.0,0.0,0.0,7.1,10.9,0.648,0.648,2.5,3.9,0.636,4.4,8.2,12.7,1.4,0.7,1.5,1.4,2.5,16.6
205,Chris Paul,32.0,5.2,12.4,0.419,2.2,6.1,0.358,3.0,6.3,0.479,0.508,3.0,3.5,0.862,0.6,3.9,4.6,8.2,2.0,0.3,2.6,2.5,15.6
206,Eric Gordon,31.7,5.6,13.8,0.409,3.2,8.8,0.36,2.5,5.0,0.497,0.525,1.8,2.2,0.783,0.3,1.9,2.2,1.9,0.6,0.4,1.3,2.1,16.2
207,Carmelo Anthony,29.4,4.9,12.1,0.405,2.1,6.4,0.328,2.8,5.7,0.491,0.492,1.5,2.2,0.682,0.9,4.5,5.4,0.5,0.4,0.7,0.8,3.2,13.4
208,Austin Rivers,28.6,3.3,8.0,0.413,1.5,4.7,0.321,1.8,3.3,0.541,0.507,0.5,1.0,0.51,0.3,1.6,1.9,2.3,0.6,0.3,0.7,2.9,8.7
209,Danuel House Jr.,25.1,3.0,6.5,0.468,1.9,4.6,0.416,1.1,1.9,0.595,0.615,1.4,1.8,0.789,0.6,2.9,3.6,1.0,0.5,0.3,0.9,2.1,9.4
210,Kenneth Faried,24.4,5.2,8.9,0.587,0.3,0.8,0.35,5.0,8.1,0.611,0.603,2.2,3.3,0.651,3.3,5.0,8.2,0.7,0.6,0.8,1.1,3.0,12.9
211,James Ennis III,23.7,2.6,5.3,0.493,1.1,3.0,0.367,1.5,2.3,0.659,0.597,1.1,1.5,0.724,0.9,2.0,2.9,0.7,1.0,0.4,0.6,2.8,7.4
212,Gerald Green,20.2,3.2,7.9,0.4,2.1,6.0,0.354,1.0,1.9,0.547,0.535,0.8,0.9,0.838,0.4,2.1,2.5,0.5,0.5,0.4,0.8,1.7,9.2
213,Iman Shumpert,19.1,1.7,4.9,0.347,1.1,3.6,0.296,0.7,1.4,0.481,0.454,0.1,0.2,0.5,0.4,2.3,2.7,1.1,0.6,0.2,0.6,1.8,4.6
214,James Nunnally,19.0,1.5,6.5,0.231,1.5,6.0,0.25,0.0,0.5,0.0,0.346,0.0,0.0,0.0,0.0,0.5,0.5,1.0,0.0,0.0,0.0,3.0,4.5
215,Nenê,13.0,1.4,2.8,0.517,0.0,0.1,0.0,1.4,2.7,0.531,0.517,0.7,1.1,0.66,0.8,2.1,2.9,0.6,0.4,0.4,0.3,2.1,3.6
216,Gary Clark,12.6,1.0,3.0,0.331,0.8,2.7,0.297,0.2,0.3,0.692,0.467,0.1,0.1,1.0,0.5,1.8,2.3,0.4,0.4,0.5,0.1,0.9,2.9
217,Brandon Knight,9.8,0.9,3.9,0.234,0.4,2.7,0.156,0.5,1.3,0.4,0.287,0.8,0.9,0.818,0.1,0.7,0.8,0.8,0.2,0.0,0.4,1.2,3.0
218,Michael Carter-Williams,9.1,1.6,3.8,0.41,0.4,1.2,0.368,1.1,2.6,0.429,0.467,0.8,1.6,0.462,0.2,0.6,0.8,1.3,0.6,0.4,0.6,1.7,4.3
219,Vince Edwards,8.0,0.5,2.0,0.25,0.5,2.0,0.25,0.0,0.0,0.0,0.375,0.0,0.0,0.0,0.5,0.5,1.0,0.0,0.0,0.0,0.0,0.0,1.5
220,Isaiah Hartenstein,7.9,0.7,1.5,0.488,0.1,0.2,0.333,0.6,1.3,0.514,0.512,0.4,0.5,0.786,0.8,0.9,1.7,0.5,0.3,0.4,0.5,2.0,1.9
221,Marquese Chriss,6.5,0.7,2.1,0.324,0.1,0.9,0.067,0.6,1.2,0.526,0.338,0.4,0.4,0.857,0.4,1.3,1.8,0.4,0.1,0.3,0.8,1.1,1.8
222,Chris Chiozza,4.7,0.3,1.1,0.25,0.3,0.7,0.4,0.0,0.4,0.0,0.375,0.0,0.0,0.0,0.1,0.4,0.6,0.6,0.1,0.1,0.1,0.3,0.9
223,Terrence Jones,2.5,0.5,2.0,0.25,0.0,1.0,0.0,0.5,1.0,0.5,0.25,0.0,0.5,0.0,0.0,2.0,2.0,0.0,0.0,0.0,0.5,0.5,1.0
224,Zhou Qi,1.0,1.0,1.0,1.0,0.0,0.0,0.0,1.0,1.0,1.0,1.0,0.0,0.0,0.0,0.0,0.0,0.0,0.0,0.0,0.0,0.0,0.0,2.0
225,Victor Oladipo,31.9,6.9,16.3,0.423,2.1,6.0,0.343,4.9,10.3,0.47,0.486,2.9,3.9,0.73,0.6,5.0,5.6,5.2,1.7,0.3,2.3,2.0,18.8
226,Bojan Bogdanovi,31.8,6.4,13.0,0.497,2.0,4.8,0.425,4.4,8.2,0.538,0.575,3.0,3.8,0.807,0.4,3.7,4.1,2.0,0.9,0.0,1.7,1.7,18.0
227,Wesley Matthews,31.5,3.5,9.1,0.386,2.1,5.7,0.369,1.4,3.5,0.413,0.5,1.8,2.1,0.854,0.5,2.3,2.8,2.4,0.9,0.2,1.3,2.4,10.9
228,Thaddeus Young,30.7,5.5,10.4,0.527,0.6,1.8,0.349,4.8,8.6,0.564,0.557,1.1,1.7,0.644,2.4,4.1,6.5,2.5,1.5,0.4,1.5,2.4,12.6
229,Myles Turner,28.6,5.1,10.5,0.487,1.0,2.6,0.388,4.1,7.9,0.521,0.536,2.0,2.7,0.736,1.4,5.8,7.2,1.6,0.8,2.7,1.4,2.6,13.3
230,Darren Collison,28.2,4.1,8.7,0.467,1.0,2.6,0.407,3.0,6.1,0.492,0.527,2.1,2.5,0.832,0.5,2.6,3.1,6.0,1.4,0.1,1.6,1.8,11.2
231,Cory Joseph,25.2,2.8,6.7,0.412,0.7,2.1,0.322,2.1,4.6,0.454,0.463,0.4,0.5,0.698,0.5,2.9,3.4,3.9,1.1,0.3,1.0,1.6,6.5
232,Domantas Sabonis,24.8,5.6,9.5,0.59,0.1,0.2,0.529,5.5,9.2,0.592,0.596,2.8,3.9,0.715,2.5,6.8,9.3,2.9,0.6,0.4,2.2,3.2,14.1
233,Tyreke Evans,20.3,3.7,9.6,0.389,1.1,3.1,0.356,2.6,6.4,0.405,0.448,1.7,2.3,0.719,0.5,2.4,2.9,2.4,0.8,0.3,1.7,1.7,10.2
234,Doug McDermott,17.4,2.7,5.5,0.491,1.1,2.7,0.408,1.6,2.8,0.569,0.59,0.9,1.0,0.835,0.2,1.2,1.4,0.9,0.2,0.1,0.5,1.4,7.3
235,Aaron Holiday,12.9,2.1,5.2,0.401,0.9,2.5,0.339,1.2,2.7,0.459,0.483,0.8,1.0,0.82,0.1,1.2,1.3,1.7,0.4,0.3,0.8,1.4,5.9
236,Edmond Sumner,9.1,1.0,2.8,0.344,0.3,1.2,0.259,0.7,1.6,0.405,0.398,0.7,1.0,0.625,0.4,0.7,1.0,0.4,0.5,0.2,0.4,1.1,2.9
237,T.J. Leaf,9.0,1.7,3.2,0.541,0.1,0.5,0.258,1.6,2.6,0.599,0.563,0.3,0.5,0.613,0.7,1.4,2.2,0.4,0.2,0.3,0.2,0.6,3.9
238,Kyle O'Quinn,8.2,1.5,3.0,0.507,0.0,0.3,0.083,1.5,2.8,0.548,0.511,0.4,0.5,0.81,0.6,2.0,2.6,1.2,0.2,0.6,0.7,1.5,3.5
239,Davon Reed,4.7,0.5,1.2,0.417,0.2,0.4,0.5,0.3,0.8,0.375,0.5,0.0,0.0,0.0,0.2,0.4,0.6,0.3,0.1,0.0,0.1,0.3,1.2
240,Alize Johnson,4.6,0.3,1.1,0.25,0.1,0.1,0.5,0.2,1.0,0.214,0.281,0.3,0.6,0.5,0.3,1.1,1.4,0.1,0.1,0.2,0.0,0.5,0.9
241,Ike Anigbogu,2.0,0.0,1.0,0.0,0.0,0.0,0.0,0.0,1.0,0.0,0.0,0.0,0.0,0.0,0.3,0.7,1.0,0.3,0.0,0.3,0.3,0.0,0.0
242,Tobias Harris,34.6,7.7,15.5,0.496,2.0,4.7,0.434,5.7,10.9,0.523,0.561,3.5,4.0,0.877,0.7,7.2,7.9,2.7,0.7,0.4,2.0,2.2,20.9
243,Danilo Gallinari,30.3,6.0,13.0,0.463,2.4,5.5,0.433,3.6,7.5,0.484,0.554,5.4,6.0,0.904,0.8,5.3,6.1,2.6,0.7,0.3,1.5,1.9,19.8
244,Avery Bradley,29.9,3.3,8.6,0.383,1.2,3.5,0.337,2.1,5.1,0.415,0.452,0.4,0.5,0.8,0.7,2.0,2.7,2.0,0.6,0.3,1.2,2.7,8.2
245,Landry Shamet,27.8,3.5,8.4,0.414,2.7,6.0,0.45,0.8,2.4,0.322,0.576,1.2,1.6,0.795,0.3,2.0,2.2,2.3,0.5,0.1,0.8,2.0,10.9
246,Patrick Beverley,27.4,2.5,6.1,0.407,1.4,3.6,0.397,1.1,2.5,0.421,0.524,1.2,1.6,0.78,1.0,4.0,5.0,3.8,0.9,0.6,1.1,3.4,7.6
247,Lou Williams,26.6,6.5,15.2,0.425,1.4,3.9,0.361,5.1,11.3,0.447,0.471,5.7,6.5,0.876,0.5,2.4,3.0,5.4,0.8,0.1,2.4,1.1,20.0
248,Shai Gilgeous-Alexander,26.5,4.2,8.7,0.476,0.6,1.7,0.367,3.5,7.0,0.503,0.512,1.9,2.4,0.8,0.7,2.1,2.8,3.3,1.2,0.5,1.7,2.1,10.8
249,Montrezl Harrell,26.3,6.7,10.8,0.615,0.0,0.2,0.176,6.6,10.6,0.623,0.617,3.2,5.0,0.643,2.2,4.3,6.5,2.0,0.9,1.3,1.6,3.1,16.6
250,Ivica Zubac,20.2,3.8,7.2,0.538,0.0,0.0,0.0,3.8,7.2,0.538,0.538,1.7,2.3,0.733,2.3,5.3,7.7,1.5,0.4,0.9,1.4,2.5,9.4
251,JaMychal Green,19.6,3.3,6.8,0.482,1.4,3.3,0.413,1.9,3.5,0.548,0.582,0.7,0.9,0.81,1.3,5.2,6.5,0.6,0.5,0.3,1.0,2.9,8.7
252,Garrett Temple,19.6,1.6,4.1,0.396,0.6,2.1,0.296,1.0,2.0,0.5,0.472,0.9,1.2,0.742,0.4,2.1,2.5,1.4,1.0,0.2,0.6,2.7,4.7
253,Marcin Gortat,16.0,2.1,4.0,0.532,0.0,0.0,0.0,2.1,4.0,0.532,0.532,0.7,1.0,0.729,1.4,4.1,5.6,1.4,0.1,0.5,1.1,2.0,5.0
254,Luc Mbah a Moute,15.3,2.0,4.5,0.444,0.5,1.5,0.333,1.5,3.0,0.5,0.5,0.5,1.3,0.4,0.5,1.3,1.8,0.5,0.3,0.3,0.5,2.0,5.0
255,Wilson Chandler,15.1,1.5,4.4,0.348,0.9,2.7,0.325,0.7,1.7,0.385,0.447,0.3,0.5,0.714,0.3,2.9,3.1,0.7,0.2,0.2,0.5,1.9,4.3
256,Mike Scott,14.4,1.8,4.4,0.4,1.0,2.6,0.391,0.8,1.9,0.412,0.513,0.2,0.3,0.667,0.5,2.9,3.3,0.8,0.3,0.2,0.5,1.7,4.8
257,Boban Marjanovi,10.4,2.4,3.9,0.607,0.0,0.1,0.0,2.4,3.8,0.616,0.607,2.0,2.6,0.758,1.5,2.7,4.2,0.6,0.3,0.5,1.0,1.6,6.7
258,Tyrone Wallace,10.1,1.5,3.5,0.424,0.1,0.3,0.211,1.4,3.2,0.444,0.433,0.5,0.9,0.526,0.3,1.3,1.6,0.7,0.3,0.1,0.6,1.3,3.5
259,Milo Teodosi,10.0,1.1,2.7,0.425,0.7,1.8,0.37,0.5,0.9,0.538,0.55,0.3,0.5,0.571,0.2,0.9,1.1,2.1,0.2,0.1,1.4,1.8,3.2
260,Jerome Robinson,9.7,1.3,3.3,0.4,0.5,1.7,0.316,0.8,1.6,0.491,0.482,0.2,0.3,0.667,0.1,1.2,1.2,0.6,0.3,0.1,0.4,1.4,3.4
261,ngel Delgado,7.5,0.5,2.5,0.2,0.0,0.0,0.0,0.5,2.5,0.2,0.2,0.5,1.0,0.5,1.0,1.0,2.0,0.0,0.5,0.0,0.0,1.0,1.5
262,Johnathan Motley,7.1,1.8,3.3,0.534,0.0,0.1,0.0,1.8,3.2,0.557,0.534,1.1,1.8,0.6,0.8,1.5,2.3,0.5,0.2,0.1,0.7,1.2,4.6
263,Sindarius Thornwell,4.9,0.3,0.8,0.347,0.0,0.2,0.2,0.2,0.5,0.412,0.378,0.4,0.5,0.735,0.1,0.6,0.7,0.3,0.2,0.1,0.3,0.6,1.0
264,LeBron James,35.2,10.1,19.9,0.51,2.0,5.9,0.339,8.1,14.0,0.582,0.56,5.1,7.6,0.665,1.0,7.4,8.5,8.3,1.3,0.6,3.6,1.7,27.4
265,Brandon Ingram,33.8,7.0,14.0,0.497,0.6,1.8,0.33,6.4,12.2,0.521,0.518,3.8,5.6,0.675,0.8,4.3,5.1,3.0,0.5,0.6,2.5,2.9,18.3
266,Kyle Kuzma,33.1,7.1,15.5,0.456,1.8,6.0,0.303,5.3,9.5,0.553,0.515,2.7,3.6,0.752,0.9,4.6,5.5,2.5,0.6,0.4,1.9,2.4,18.7
267,Lonzo Ball,30.3,3.9,9.7,0.406,1.6,4.9,0.329,2.3,4.9,0.482,0.488,0.4,1.0,0.417,1.1,4.2,5.3,5.4,1.5,0.4,2.2,2.4,9.9
268,Rajon Rondo,29.8,3.8,9.4,0.405,1.1,3.1,0.359,2.7,6.3,0.428,0.464,0.5,0.8,0.639,0.7,4.5,5.3,8.0,1.2,0.2,2.8,2.2,9.2
269,Reggie Bullock,27.6,3.3,8.1,0.412,1.8,5.2,0.343,1.5,2.8,0.537,0.523,0.9,1.1,0.81,0.1,2.5,2.6,1.1,0.8,0.4,0.6,1.6,9.3
270,Josh Hart,25.6,2.8,6.9,0.407,1.4,4.1,0.336,1.4,2.8,0.511,0.506,0.8,1.2,0.688,0.5,3.2,3.7,1.4,1.0,0.6,0.9,2.2,7.8
271,Kentavious Caldwell-Pope,24.8,4.0,9.2,0.43,1.8,5.3,0.347,2.1,3.9,0.542,0.53,1.7,1.9,0.867,0.6,2.3,2.9,1.3,0.9,0.2,0.8,1.7,11.4
272,Jemerrio Jones,23.8,2.0,5.5,0.364,0.3,1.7,0.2,1.7,3.8,0.435,0.394,0.2,0.3,0.5,2.7,5.5,8.2,2.2,1.2,0.8,0.8,1.7,4.5
273,JaVale McGee,22.3,5.3,8.5,0.624,0.0,0.2,0.083,5.3,8.4,0.634,0.625,1.3,2.0,0.632,2.6,4.9,7.5,0.7,0.6,2.0,1.4,2.8,12.0
274,Alex Caruso,21.2,3.1,6.9,0.445,1.0,2.0,0.48,2.1,4.9,0.431,0.514,2.0,2.6,0.797,0.8,1.9,2.7,3.1,1.0,0.4,1.7,2.2,9.2
275,Lance Stephenson,16.5,2.7,6.4,0.426,1.1,2.9,0.371,1.6,3.5,0.472,0.51,0.7,1.1,0.685,0.5,2.7,3.2,2.1,0.6,0.1,1.3,1.6,7.2
276,Tyson Chandler,16.4,1.1,1.8,0.609,0.0,0.0,0.0,1.1,1.8,0.616,0.609,0.9,1.4,0.594,1.8,3.8,5.6,0.6,0.4,0.5,0.7,1.9,3.1
277,Ivica Zubac,15.6,3.4,5.8,0.58,0.0,0.0,0.0,3.4,5.8,0.58,0.58,1.7,2.0,0.864,1.6,3.3,4.9,0.8,0.1,0.8,1.0,2.2,8.5
278,Mike Muscala,15.6,2.1,4.9,0.434,1.2,3.4,0.368,0.9,1.5,0.577,0.56,0.4,0.5,0.875,0.4,2.2,2.6,0.8,0.2,0.6,0.3,1.1,5.9
279,Johnathan Williams,15.5,2.7,4.6,0.591,0.0,0.1,0.0,2.7,4.5,0.602,0.591,1.1,2.0,0.563,2.0,2.1,4.1,0.5,0.3,0.3,0.7,2.6,6.5
280,Svi Mykhailiuk,10.8,1.1,3.4,0.333,0.7,2.2,0.318,0.4,1.2,0.362,0.436,0.3,0.5,0.6,0.2,0.7,0.9,0.8,0.3,0.0,0.5,0.6,3.3
281,Michael Beasley,10.7,2.9,5.9,0.49,0.1,0.7,0.176,2.8,5.2,0.529,0.5,1.1,1.5,0.718,0.5,1.8,2.3,1.0,0.3,0.4,1.0,1.6,7.0
282,Moritz Wagner,10.4,1.7,4.0,0.415,0.5,1.8,0.286,1.1,2.2,0.521,0.48,1.0,1.2,0.811,0.4,1.6,2.0,0.6,0.3,0.3,0.9,1.3,4.8
283,Isaac Bonga,5.5,0.2,1.5,0.152,0.0,0.4,0.0,0.2,1.1,0.2,0.152,0.4,0.7,0.6,0.4,0.7,1.1,0.7,0.4,0.2,0.3,0.4,0.9
284,Scott Machado,4.8,1.0,1.5,0.667,0.3,0.3,1.0,0.8,1.3,0.6,0.75,0.3,0.3,1.0,0.0,0.0,0.0,0.8,0.3,0.0,0.0,0.5,2.5
285,Andre Ingram,3.8,0.0,1.5,0.0,0.0,0.8,0.0,0.0,0.8,0.0,0.0,0.0,0.0,0.0,0.3,0.3,0.5,0.0,0.3,0.0,0.3,0.0,0.0
286,Marc Gasol,33.7,5.7,12.9,0.444,1.4,4.2,0.344,4.3,8.7,0.491,0.499,2.9,3.8,0.756,1.1,7.5,8.6,4.7,1.1,1.2,2.2,2.8,15.7
287,Mike Conley,33.5,7.0,16.0,0.438,2.2,6.1,0.364,4.8,9.9,0.483,0.507,4.9,5.8,0.845,0.6,2.8,3.4,6.4,1.3,0.3,1.9,1.8,21.1
288,Avery Bradley,31.6,6.2,13.4,0.463,2.0,5.2,0.384,4.2,8.2,0.513,0.537,1.6,1.8,0.92,0.6,2.6,3.1,4.0,1.0,0.0,2.0,2.4,16.1
289,Garrett Temple,31.2,3.4,7.9,0.429,1.5,4.3,0.352,1.9,3.6,0.52,0.525,1.2,1.6,0.75,0.4,2.7,3.1,1.4,1.0,0.5,1.1,2.7,9.4
290,Delon Wright,30.8,4.4,10.2,0.434,0.8,3.0,0.256,3.7,7.2,0.508,0.472,2.5,3.4,0.742,1.1,4.3,5.4,5.3,1.6,0.6,1.5,1.9,12.2
291,Kyle Anderson,29.8,3.5,6.4,0.543,0.2,0.8,0.265,3.3,5.6,0.583,0.56,0.9,1.5,0.578,1.1,4.7,5.8,3.0,1.3,0.9,1.3,2.6,8.0
292,Justin Holiday,29.1,3.4,8.7,0.389,1.5,4.4,0.333,1.9,4.3,0.447,0.474,1.2,1.4,0.9,0.6,2.9,3.5,1.4,1.2,0.3,1.3,1.9,9.5
293,Jonas Valaninas,27.7,8.0,14.7,0.545,0.3,0.9,0.278,7.7,13.7,0.563,0.554,3.7,4.8,0.769,2.7,7.9,10.7,2.2,0.3,1.6,2.7,3.4,19.9
294,Jaren Jackson Jr.,26.1,5.1,10.2,0.506,0.9,2.4,0.359,4.3,7.7,0.553,0.549,2.6,3.4,0.766,1.3,3.4,4.7,1.1,0.9,1.4,1.7,3.8,13.8
295,Bruno Caboclo,23.5,2.8,6.6,0.427,1.4,3.8,0.369,1.4,2.8,0.505,0.533,1.2,1.5,0.84,1.2,3.4,4.6,1.5,0.4,1.0,1.1,2.4,8.3
296,Shelvin Mack,22.7,3.0,7.3,0.414,0.9,2.4,0.359,2.2,4.9,0.441,0.473,1.0,1.4,0.707,0.3,1.6,1.9,3.4,0.8,0.1,1.2,1.5,7.9
297,C.J. Miles,22.6,3.2,8.1,0.4,1.8,5.1,0.364,1.4,3.0,0.462,0.514,1.0,1.1,0.929,0.1,2.0,2.1,1.1,0.6,0.4,0.7,1.3,9.3
298,JaMychal Green,22.0,3.7,7.6,0.484,0.9,2.3,0.396,2.8,5.3,0.523,0.545,1.5,2.0,0.788,1.8,4.4,6.1,0.9,0.8,0.6,1.6,3.0,9.8
299,Tyler Dorsey,21.3,3.6,8.3,0.429,1.6,4.4,0.366,2.0,3.9,0.5,0.526,1.0,1.7,0.629,0.9,2.5,3.3,1.9,0.3,0.0,0.8,1.6,9.8
300,Tyler Zeller,20.5,4.0,7.0,0.571,0.0,0.0,0.0,4.0,7.0,0.571,0.571,3.5,4.5,0.778,2.3,2.3,4.5,0.8,0.3,0.8,1.0,4.0,11.5
301,Chandler Parsons,19.8,2.7,7.3,0.374,1.2,3.8,0.309,1.6,3.5,0.443,0.453,0.9,1.0,0.88,0.2,2.6,2.8,1.7,0.8,0.2,1.3,1.8,7.5
302,Dillon Brooks,18.3,2.7,6.8,0.402,0.8,2.2,0.375,1.9,4.6,0.415,0.463,1.2,1.7,0.733,0.5,1.2,1.7,0.9,0.6,0.2,1.1,2.8,7.5
303,Joakim Noah,16.5,2.6,5.1,0.516,0.0,0.0,0.0,2.6,5.0,0.519,0.516,1.9,2.6,0.716,1.4,4.3,5.7,2.1,0.5,0.7,1.2,2.3,7.1
304,Jevon Carter,14.8,1.4,4.7,0.303,0.9,2.6,0.333,0.6,2.1,0.265,0.395,0.7,0.8,0.813,0.4,1.3,1.7,1.8,0.7,0.3,0.8,1.4,4.4
305,Ivan Rabb,14.7,2.4,4.3,0.547,0.1,0.3,0.2,2.3,4.0,0.574,0.554,1.0,1.4,0.71,1.4,2.8,4.2,1.1,0.3,0.3,0.7,1.8,5.8
306,Omri Casspi,14.4,2.4,4.5,0.534,0.4,1.2,0.349,2.0,3.3,0.602,0.581,1.1,1.6,0.672,0.5,2.7,3.2,0.7,0.6,0.3,0.6,1.0,6.3
307,Wayne Selden,14.2,2.0,5.0,0.404,0.6,2.0,0.317,1.4,3.1,0.459,0.466,0.7,0.9,0.759,0.5,0.9,1.4,1.1,0.3,0.2,0.7,1.5,5.4
308,Julian Washburn,14.1,0.9,2.7,0.333,0.3,1.3,0.208,0.6,1.3,0.458,0.385,0.2,0.2,0.75,0.4,1.8,2.3,0.8,0.7,0.1,0.4,0.9,2.2
309,MarShon Brooks,13.3,2.6,5.8,0.45,0.5,1.9,0.278,2.1,4.0,0.53,0.494,0.8,1.1,0.697,0.4,1.1,1.6,0.9,0.3,0.1,0.7,1.1,6.6
310,Dusty Hannahs,13.0,1.5,6.0,0.25,0.0,2.5,0.0,1.5,3.5,0.429,0.25,1.0,1.0,1.0,0.0,0.5,0.5,2.5,0.5,0.0,0.5,0.5,4.0
311,Yuta Watanabe,11.6,1.0,3.4,0.294,0.1,1.1,0.125,0.9,2.3,0.371,0.314,0.5,0.7,0.7,0.3,1.8,2.1,0.5,0.3,0.1,0.4,0.7,2.6
312,D.J. Stephens,7.0,1.0,2.0,0.5,0.0,0.0,0.0,1.0,2.0,0.5,0.5,0.0,0.0,0.0,0.0,0.0,0.0,0.0,1.0,0.0,1.0,0.0,2.0
313,Andrew Harrison,5.0,1.0,2.0,0.5,0.0,1.0,0.0,1.0,1.0,1.0,0.5,0.0,0.0,0.0,0.0,0.0,0.0,0.0,0.0,0.0,0.0,1.0,2.0
314,Josh Richardson,34.8,5.8,14.1,0.412,2.2,6.3,0.357,3.5,7.8,0.458,0.492,2.7,3.2,0.861,0.7,2.9,3.6,4.1,1.1,0.5,1.5,2.7,16.6
315,Justise Winslow,29.7,4.9,11.3,0.433,1.5,3.9,0.375,3.5,7.5,0.462,0.497,1.3,2.1,0.628,1.0,4.4,5.4,4.3,1.1,0.3,2.2,2.7,12.6
316,Goran Dragi,27.5,5.0,12.0,0.413,1.6,4.6,0.348,3.4,7.5,0.454,0.479,2.2,2.8,0.782,0.6,2.5,3.1,4.8,0.8,0.1,2.0,2.3,13.7
317,Dwyane Wade,26.2,5.8,13.3,0.433,1.2,3.6,0.33,4.6,9.7,0.472,0.478,2.3,3.2,0.708,1.0,3.0,4.0,4.2,0.8,0.5,2.3,1.6,15.0
318,Dion Waiters,25.9,4.5,10.9,0.414,2.5,6.6,0.377,2.0,4.3,0.471,0.528,0.5,1.0,0.5,0.2,2.5,2.6,2.8,0.7,0.2,1.5,1.6,12.0
319,Tyler Johnson,25.5,3.9,9.1,0.426,1.6,4.6,0.353,2.3,4.5,0.503,0.516,1.4,2.0,0.693,0.4,2.3,2.8,2.5,0.9,0.5,1.4,1.6,10.8
320,Rodney McGruder,23.5,2.8,7.0,0.403,1.2,3.4,0.351,1.6,3.6,0.453,0.489,0.8,1.1,0.722,0.9,2.7,3.6,1.7,0.5,0.2,1.0,1.7,7.6
321,Bam Adebayo,23.3,3.4,5.9,0.576,0.0,0.2,0.2,3.4,5.7,0.588,0.579,2.0,2.8,0.735,2.0,5.3,7.3,2.2,0.9,0.8,1.5,2.5,8.9
322,Hassan Whiteside,23.3,5.4,9.4,0.571,0.0,0.2,0.125,5.4,9.2,0.581,0.572,1.5,3.4,0.449,3.6,7.8,11.3,0.8,0.6,1.9,1.3,2.7,12.3
323,Kelly Olynyk,22.9,3.3,7.1,0.463,1.4,4.0,0.354,1.9,3.1,0.604,0.563,1.9,2.3,0.822,0.9,3.8,4.7,1.8,0.7,0.5,1.4,2.3,10.0
324,Wayne Ellington,21.3,2.8,7.4,0.375,2.3,6.2,0.368,0.5,1.2,0.414,0.53,0.6,0.6,0.875,0.2,1.6,1.9,1.2,1.0,0.1,0.6,1.6,8.4
325,James Johnson,21.2,3.0,6.9,0.433,0.9,2.7,0.336,2.1,4.2,0.496,0.499,0.9,1.3,0.714,0.4,2.8,3.2,2.5,0.6,0.5,1.3,2.1,7.8
326,Derrick Jones Jr.,19.2,2.7,5.4,0.494,0.5,1.5,0.308,2.2,3.9,0.567,0.537,1.2,2.0,0.607,1.6,2.4,4.0,0.6,0.8,0.7,0.7,2.1,7.0
327,Duncan Robinson,10.7,1.2,3.1,0.391,0.7,2.3,0.286,0.5,0.7,0.727,0.5,0.3,0.4,0.667,0.1,1.1,1.3,0.3,0.3,0.0,0.3,0.7,3.3
328,Udonis Haslem,7.4,1.1,3.3,0.333,0.0,1.2,0.0,1.1,2.1,0.524,0.333,0.3,0.4,0.75,0.3,2.4,2.7,0.2,0.0,0.0,0.3,0.9,2.5
329,Yante Maten,6.5,0.5,2.0,0.25,0.0,0.5,0.0,0.5,1.5,0.333,0.25,0.0,0.0,0.0,0.5,1.0,1.5,0.0,0.5,0.0,0.0,0.0,1.0
330,Ryan Anderson,4.4,0.2,0.9,0.222,0.2,0.6,0.333,0.0,0.3,0.0,0.333,0.1,0.2,0.5,0.4,0.5,0.9,0.2,0.1,0.0,0.2,0.2,0.7
331,Emanuel Terry,3.0,0.0,1.0,0.0,0.0,0.0,0.0,0.0,1.0,0.0,0.0,1.0,2.0,0.5,1.0,0.0,1.0,1.0,0.0,0.0,0.0,0.0,1.0
332,Giannis Antetokounmpo,32.8,10.0,17.3,0.578,0.7,2.8,0.256,9.3,14.5,0.641,0.599,6.9,9.5,0.729,2.2,10.3,12.5,5.9,1.3,1.5,3.7,3.2,27.7
333,Khris Middleton,31.1,6.6,14.9,0.441,2.3,6.2,0.378,4.2,8.8,0.485,0.519,2.8,3.4,0.837,0.6,5.3,6.0,4.3,1.0,0.1,2.3,2.2,18.3
334,Eric Bledsoe,29.1,6.0,12.4,0.484,1.6,4.8,0.329,4.4,7.6,0.582,0.548,2.3,3.0,0.75,1.1,3.6,4.6,5.5,1.5,0.4,2.1,2.0,15.9
335,Brook Lopez,28.7,4.4,9.7,0.452,2.3,6.3,0.365,2.1,3.4,0.613,0.571,1.4,1.6,0.842,0.4,4.5,4.9,1.2,0.6,2.2,1.0,2.3,12.5
336,Malcolm Brogdon,28.6,5.9,11.7,0.505,1.6,3.8,0.426,4.3,7.9,0.544,0.575,2.2,2.4,0.928,1.0,3.5,4.5,3.2,0.7,0.2,1.4,1.6,15.6
337,Nikola Miroti,22.9,4.0,9.6,0.415,2.2,6.2,0.356,1.8,3.4,0.521,0.53,1.4,1.6,0.87,1.0,4.4,5.4,1.4,0.7,0.6,0.8,1.5,11.6
338,Pat Connaughton,20.7,2.7,5.7,0.466,1.1,3.3,0.33,1.6,2.5,0.647,0.56,0.5,0.7,0.725,1.0,3.2,4.2,2.0,0.5,0.4,0.5,1.3,6.9
339,George Hill,20.4,2.4,5.7,0.428,0.7,2.7,0.28,1.7,3.1,0.556,0.493,1.1,1.4,0.815,0.6,2.0,2.6,2.1,0.9,0.1,0.7,1.4,6.8
340,D.J. Wilson,18.4,2.2,5.2,0.414,1.0,2.6,0.362,1.2,2.6,0.468,0.506,0.5,1.0,0.553,0.9,3.7,4.6,1.1,0.4,0.4,0.7,1.8,5.8
341,Ersan lyasova,18.4,2.5,5.7,0.438,0.9,2.4,0.363,1.6,3.3,0.493,0.514,0.9,1.1,0.824,1.4,3.1,4.5,0.8,0.5,0.3,0.7,2.6,6.8
342,Sterling Brown,17.8,2.5,5.4,0.465,0.9,2.5,0.361,1.6,2.8,0.558,0.55,0.5,0.7,0.69,0.5,2.7,3.2,1.4,0.4,0.1,0.8,1.5,6.4
343,Tony Snell,17.6,2.2,4.9,0.452,1.1,2.8,0.397,1.1,2.1,0.522,0.564,0.5,0.6,0.881,0.4,1.7,2.1,0.9,0.4,0.2,0.3,1.2,6.0
344,Tim Frazier,17.6,2.3,5.5,0.424,0.8,2.0,0.417,1.5,3.5,0.429,0.5,0.8,1.1,0.692,0.8,1.8,2.6,3.5,0.4,0.1,1.3,1.6,6.3
345,Donte DiVincenzo,15.2,1.9,4.6,0.403,0.8,3.1,0.265,1.0,1.5,0.683,0.492,0.3,0.4,0.75,0.6,1.8,2.4,1.1,0.5,0.2,0.7,1.4,4.9
346,John Henson,13.4,2.2,4.8,0.463,0.8,2.2,0.355,1.4,2.6,0.556,0.545,0.4,0.7,0.6,1.1,3.9,5.1,1.0,0.5,0.8,0.9,1.1,5.6
347,Bonzie Colson,12.3,1.6,4.9,0.333,0.6,2.6,0.238,1.0,2.3,0.444,0.397,1.0,1.1,0.889,1.0,2.8,3.8,0.4,0.6,0.1,0.4,0.4,4.9
348,Thon Maker,11.7,1.7,3.8,0.44,0.7,2.2,0.333,0.9,1.6,0.589,0.537,0.6,1.1,0.541,0.5,2.3,2.7,0.5,0.3,0.5,0.3,1.6,4.7
349,Pau Gasol,10.0,0.3,2.0,0.167,0.3,1.0,0.333,0.0,1.0,0.0,0.25,0.3,0.7,0.5,0.0,3.3,3.3,0.7,0.0,0.3,0.7,0.3,1.3
350,Matthew Dellavedova,8.1,0.5,1.6,0.316,0.3,0.9,0.364,0.2,0.7,0.25,0.421,0.3,0.3,1.0,0.0,0.8,0.8,2.4,0.2,0.0,0.9,0.8,1.7
351,Isaiah Canaan,7.8,0.5,1.5,0.333,0.5,1.3,0.4,0.0,0.3,0.0,0.5,0.0,0.0,0.0,0.3,0.8,1.0,0.8,0.0,0.3,0.5,0.5,1.5
352,Jaylen Morris,7.3,1.0,2.5,0.4,0.3,0.8,0.333,0.8,1.8,0.429,0.45,0.3,0.5,0.5,0.0,1.3,1.3,1.0,0.5,0.0,0.3,0.3,2.5
353,Jason Smith,6.7,0.7,2.2,0.308,0.5,1.5,0.333,0.2,0.7,0.25,0.423,0.3,0.3,1.0,0.5,1.3,1.8,0.2,0.3,0.3,0.8,1.0,2.2
354,Christian Wood,4.8,0.9,1.9,0.48,0.2,0.4,0.6,0.7,1.5,0.45,0.54,0.8,1.2,0.667,0.3,1.2,1.5,0.2,0.0,0.0,0.2,0.2,2.8
355,Trevon Duval,2.0,0.7,1.0,0.667,0.3,0.3,1.0,0.3,0.7,0.5,0.833,0.0,0.0,0.0,0.0,0.3,0.3,0.7,0.0,0.0,0.0,0.0,1.7
356,Jimmy Butler,36.1,7.4,15.7,0.471,1.7,4.5,0.378,5.7,11.2,0.509,0.525,4.8,6.1,0.787,1.6,3.6,5.2,4.3,2.4,1.0,1.4,1.8,21.3
357,Andrew Wiggins,34.8,6.8,16.6,0.412,1.6,4.8,0.339,5.2,11.8,0.441,0.461,2.8,4.1,0.699,1.1,3.7,4.8,2.5,1.0,0.7,1.9,2.1,18.1
358,Robert Covington,34.7,4.8,11.1,0.433,2.5,6.7,0.372,2.3,4.4,0.526,0.545,2.3,3.0,0.773,1.0,4.8,5.7,1.5,2.3,1.1,1.1,3.7,14.5
359,Karl-Anthony Towns,33.1,8.8,17.1,0.518,1.8,4.6,0.4,7.0,12.5,0.562,0.572,4.9,5.8,0.836,3.4,9.0,12.4,3.4,0.9,1.6,3.1,3.8,24.4
360,Jeff Teague,30.1,4.2,9.9,0.423,0.8,2.5,0.333,3.4,7.4,0.453,0.465,2.9,3.6,0.804,0.4,2.1,2.5,8.2,1.0,0.4,2.3,2.1,12.1
361,Derrick Rose,27.3,7.1,14.8,0.482,1.1,2.9,0.37,6.1,11.9,0.509,0.518,2.7,3.1,0.856,0.6,2.1,2.7,4.3,0.6,0.2,1.6,1.1,18.0
362,Taj Gibson,24.1,4.3,7.7,0.566,0.2,0.5,0.324,4.2,7.2,0.583,0.576,1.9,2.5,0.757,2.5,4.1,6.5,1.2,0.8,0.6,1.0,2.7,10.8
363,Dario ari,23.9,3.8,8.3,0.454,1.4,3.7,0.383,2.3,4.6,0.511,0.54,1.5,1.8,0.875,1.5,3.9,5.5,1.5,0.6,0.1,1.1,2.1,10.5
364,Josh Okogie,23.7,2.6,6.9,0.386,0.8,2.9,0.279,1.8,4.0,0.464,0.445,1.6,2.2,0.728,0.6,2.4,2.9,1.2,1.2,0.4,0.9,2.2,7.7
365,Tyus Jones,22.9,2.7,6.6,0.415,0.6,1.9,0.317,2.1,4.7,0.453,0.46,0.9,1.0,0.841,0.3,1.6,2.0,4.8,1.2,0.1,0.7,1.1,6.9
366,Jerryd Bayless,19.3,2.4,6.8,0.357,0.9,2.9,0.296,1.6,3.9,0.402,0.42,0.5,0.8,0.571,0.3,1.5,1.8,3.5,0.5,0.1,0.9,1.6,6.1
367,Luol Deng,17.8,2.7,5.4,0.5,0.6,2.0,0.318,2.0,3.4,0.608,0.559,1.1,1.6,0.714,0.9,2.4,3.3,0.8,0.7,0.4,0.6,1.1,7.1
368,Keita Bates-Diop,16.8,2.0,4.7,0.423,0.4,1.7,0.25,1.6,3.0,0.522,0.468,0.6,0.9,0.643,0.5,2.2,2.8,0.6,0.6,0.5,0.5,1.0,5.0
369,Anthony Tolliver,16.6,1.5,4.0,0.382,1.2,3.3,0.377,0.3,0.7,0.409,0.539,0.7,0.9,0.783,0.2,2.5,2.7,0.7,0.3,0.3,0.6,1.4,5.0
370,Cameron Reynolds,13.6,1.7,4.1,0.423,1.1,2.7,0.412,0.6,1.4,0.444,0.558,0.4,0.5,0.889,0.2,1.4,1.6,0.7,0.3,0.1,0.3,1.4,5.0
371,Gorgui Dieng,13.6,2.5,5.0,0.501,0.3,0.7,0.339,2.2,4.2,0.53,0.527,1.2,1.4,0.83,1.1,3.0,4.1,0.9,0.6,0.5,0.8,1.8,6.4
372,Isaiah Canaan,13.6,1.6,4.1,0.379,1.0,2.7,0.368,0.6,1.4,0.4,0.5,0.6,0.6,1.0,0.0,0.7,0.7,2.7,0.3,0.1,0.6,0.6,4.7
373,Mitch Creek,12.0,3.0,6.0,0.5,0.0,1.0,0.0,3.0,5.0,0.6,0.5,0.0,0.0,0.0,1.0,1.0,2.0,1.0,1.0,0.0,1.0,0.0,6.0
374,C.J. Williams,8.5,1.1,2.3,0.486,0.3,1.1,0.313,0.8,1.3,0.632,0.557,0.0,0.1,0.0,0.1,0.5,0.5,0.8,0.4,0.0,0.3,1.1,2.6
375,Jared Terrell,7.9,0.9,2.8,0.308,0.3,1.2,0.235,0.6,1.6,0.364,0.359,0.2,0.4,0.5,0.1,0.4,0.4,0.9,0.2,0.1,0.7,1.1,2.2
376,James Nunnally,4.9,0.7,1.6,0.429,0.4,1.0,0.385,0.3,0.6,0.5,0.548,0.3,0.3,1.0,0.0,0.3,0.3,0.4,0.1,0.0,0.1,0.3,2.1
377,Jrue Holiday,35.9,8.2,17.3,0.472,1.8,5.4,0.325,6.4,11.9,0.539,0.523,3.1,4.0,0.768,1.1,3.9,5.0,7.7,1.6,0.8,3.1,2.2,21.2
378,Anthony Davis,33.0,9.5,18.3,0.517,0.9,2.6,0.331,8.6,15.7,0.547,0.54,6.1,7.7,0.794,3.1,8.9,12.0,3.9,1.6,2.4,2.0,2.4,25.9
379,Julius Randle,30.6,7.8,14.9,0.524,0.9,2.7,0.344,6.9,12.2,0.564,0.555,4.9,6.7,0.731,2.2,6.5,8.7,3.1,0.7,0.6,2.8,3.4,21.4
380,Elfrid Payton,29.8,4.3,9.8,0.434,0.8,2.5,0.314,3.5,7.3,0.476,0.475,1.3,1.8,0.743,1.2,4.1,5.2,7.6,1.0,0.4,2.7,1.9,10.6
381,Nikola Miroti,28.9,5.7,12.7,0.447,2.7,7.2,0.368,3.0,5.5,0.551,0.552,2.7,3.2,0.842,1.4,6.8,8.3,1.1,0.7,0.8,1.2,2.7,16.7
382,E'Twaun Moore,27.6,4.8,10.0,0.481,1.4,3.3,0.432,3.4,6.7,0.506,0.553,0.8,1.1,0.763,0.7,1.7,2.4,1.9,0.8,0.2,1.1,2.1,11.9
383,Darius Miller,25.5,2.7,7.0,0.39,1.9,5.3,0.365,0.8,1.7,0.467,0.528,0.8,1.0,0.789,0.2,1.7,1.9,2.1,0.6,0.3,0.9,2.4,8.2
384,Christian Wood,23.6,6.1,11.5,0.533,0.8,2.6,0.286,5.4,8.9,0.606,0.565,3.9,5.1,0.756,1.6,6.3,7.9,0.8,0.9,1.3,1.8,1.8,16.9
385,Kenrich Williams,23.5,2.3,6.1,0.384,1.1,3.4,0.333,1.2,2.7,0.447,0.477,0.3,0.4,0.684,1.2,3.6,4.8,1.8,1.0,0.4,0.8,2.1,6.1
386,Solomon Hill,20.0,1.5,4.0,0.382,0.7,2.3,0.317,0.8,1.8,0.468,0.472,0.5,0.7,0.719,0.8,2.3,3.0,1.3,0.5,0.2,0.7,1.8,4.3
387,Tim Frazier,19.3,1.9,4.1,0.451,0.6,1.6,0.351,1.3,2.5,0.517,0.521,0.7,0.9,0.78,0.7,2.2,2.9,4.4,0.5,0.1,1.3,2.0,5.0
388,Frank Jackson,19.2,3.2,7.3,0.434,0.9,2.8,0.314,2.3,4.6,0.507,0.493,0.9,1.2,0.74,0.4,1.8,2.2,1.1,0.4,0.0,0.8,1.5,8.1
389,Ian Clark,16.2,2.5,6.4,0.394,1.1,3.4,0.327,1.4,3.0,0.47,0.48,0.6,0.6,0.892,0.2,1.3,1.5,1.6,0.4,0.1,1.0,1.6,6.7
390,Jahlil Okafor,15.8,3.6,6.1,0.586,0.0,0.1,0.2,3.6,6.1,0.591,0.587,1.0,1.5,0.663,1.4,3.3,4.7,0.7,0.3,0.7,0.9,1.6,8.2
391,Wesley Johnson,14.5,1.3,3.4,0.398,0.7,1.9,0.38,0.6,1.5,0.421,0.506,0.2,0.3,0.667,0.4,1.7,2.1,0.6,0.5,0.3,0.5,1.7,3.7
392,Cheick Diallo,14.0,2.6,4.2,0.62,0.0,0.1,0.25,2.6,4.2,0.625,0.622,0.8,1.0,0.746,1.2,4.0,5.2,0.5,0.5,0.5,0.8,1.8,6.0
393,Dairis Bertns,13.9,1.0,3.9,0.255,0.8,2.8,0.294,0.2,1.1,0.154,0.362,0.0,0.0,0.0,0.2,0.6,0.8,0.8,0.1,0.0,0.2,0.6,2.8
394,Stanley Johnson,13.7,2.1,5.1,0.418,0.6,1.9,0.324,1.5,3.2,0.474,0.478,0.5,0.7,0.692,0.5,1.8,2.3,1.6,0.7,0.1,1.4,1.2,5.3
395,Jason Smith,10.0,1.0,4.5,0.222,1.0,3.5,0.286,0.0,1.0,0.0,0.333,1.0,1.0,1.0,1.0,1.0,2.0,0.5,0.0,0.0,0.5,1.5,4.0
396,Andrew Harrison,6.3,0.5,2.0,0.25,0.3,1.7,0.2,0.2,0.3,0.5,0.333,0.2,0.3,0.5,0.3,0.5,0.8,1.2,0.0,0.0,0.3,1.2,1.5
397,Tim Hardaway Jr.,32.6,6.1,15.8,0.388,2.5,7.3,0.347,3.6,8.5,0.424,0.469,4.3,5.1,0.854,0.6,2.9,3.5,2.7,0.9,0.1,1.8,2.3,19.1
398,Kevin Knox,28.8,4.5,12.2,0.37,1.7,4.9,0.343,2.8,7.3,0.387,0.438,2.2,3.0,0.717,0.8,3.7,4.5,1.1,0.6,0.3,1.5,2.3,12.8
399,Dennis Smith Jr.,28.6,5.8,14.0,0.413,1.1,4.0,0.289,4.6,10.0,0.462,0.454,2.0,3.5,0.568,0.7,2.1,2.8,5.4,1.3,0.4,2.6,2.2,14.7
400,Damyean Dotson,27.5,4.0,9.6,0.415,1.7,4.7,0.368,2.2,4.9,0.461,0.506,1.0,1.3,0.745,0.5,3.1,3.6,1.8,0.8,0.1,1.0,1.8,10.7
401,Emmanuel Mudiay,27.2,5.6,12.5,0.446,1.2,3.6,0.329,4.4,9.0,0.492,0.493,2.4,3.2,0.774,0.6,2.8,3.3,3.9,0.7,0.3,2.4,1.7,14.8
402,Wesley Matthews,27.0,2.0,9.5,0.211,1.0,5.0,0.2,1.0,4.5,0.222,0.263,2.0,2.5,0.8,0.5,1.0,1.5,2.5,0.5,0.5,1.0,1.0,7.0
403,DeAndre Jordan,25.9,4.1,6.5,0.634,0.0,0.0,0.0,4.1,6.5,0.634,0.634,2.7,3.5,0.773,3.4,8.0,11.4,3.0,0.5,1.1,2.2,2.2,10.9
404,Enes Freedom,25.6,5.7,10.6,0.536,0.2,0.5,0.318,5.5,10.1,0.547,0.544,2.4,2.9,0.814,3.9,6.6,10.5,1.9,0.4,0.4,1.8,2.4,14.0
405,Noah Vonleh,25.3,3.0,6.5,0.47,0.7,2.0,0.336,2.4,4.5,0.531,0.523,1.6,2.3,0.712,1.7,6.1,7.8,1.9,0.7,0.8,1.3,2.6,8.4
406,Allonzo Trier,22.8,3.6,8.1,0.448,0.8,2.1,0.394,2.8,6.0,0.466,0.498,2.8,3.5,0.803,0.5,2.6,3.1,1.9,0.4,0.2,1.8,1.8,10.9
407,Kadeem Allen,21.9,3.4,7.4,0.461,0.9,1.9,0.472,2.5,5.5,0.457,0.521,2.2,2.8,0.778,0.4,2.3,2.7,4.0,0.8,0.2,1.4,2.4,9.9
408,Frank Ntilikina,21.0,2.2,6.6,0.337,0.8,2.7,0.287,1.4,3.9,0.371,0.395,0.5,0.7,0.767,0.3,1.7,2.0,2.8,0.7,0.3,1.3,2.4,5.7
409,Trey Burke,20.9,4.5,10.8,0.413,0.9,2.6,0.349,3.6,8.2,0.434,0.455,1.9,2.3,0.827,0.5,1.4,1.9,2.8,0.6,0.2,0.9,1.0,11.8
410,Mario Hezonja,20.8,3.3,8.0,0.412,0.7,2.6,0.276,2.6,5.4,0.478,0.457,1.5,2.0,0.763,0.5,3.6,4.1,1.5,1.0,0.1,1.5,1.9,8.8
411,Mitchell Robinson,20.6,3.1,4.4,0.694,0.0,0.0,0.0,3.1,4.4,0.694,0.694,1.2,2.0,0.6,2.7,3.7,6.4,0.6,0.8,2.4,0.5,3.3,7.3
412,Luke Kornet,17.0,2.3,6.2,0.378,1.5,4.2,0.363,0.8,2.0,0.411,0.502,0.8,1.0,0.826,0.6,2.3,2.9,1.2,0.6,0.9,0.5,0.9,7.0
413,Lance Thomas,17.0,1.7,4.3,0.396,0.5,1.7,0.278,1.2,2.6,0.475,0.452,0.6,0.8,0.75,0.5,2.1,2.5,0.6,0.4,0.2,0.5,1.8,4.5
414,Billy Garrett,15.8,2.8,6.8,0.407,0.0,2.0,0.0,2.8,4.8,0.579,0.407,1.0,1.0,1.0,0.0,0.8,0.8,1.8,0.3,0.3,0.5,0.8,6.5
415,John Jenkins,14.5,1.8,4.7,0.388,0.9,2.5,0.357,0.9,2.1,0.426,0.485,0.7,0.8,0.833,0.3,1.4,1.6,1.0,0.0,0.1,0.4,0.5,5.2
416,Henry Ellenson,13.8,2.1,5.0,0.412,0.9,2.0,0.441,1.2,3.0,0.392,0.5,1.0,1.4,0.739,0.3,3.1,3.4,0.9,0.4,0.1,0.5,1.5,6.0
417,Courtney Lee,13.3,1.8,3.9,0.447,0.4,1.3,0.313,1.3,2.6,0.516,0.5,0.8,1.2,0.643,0.5,1.8,2.3,1.3,0.7,0.2,0.4,1.1,4.7
418,Isaiah Hicks,10.7,1.3,2.7,0.5,0.0,0.0,0.0,1.3,2.7,0.5,0.5,1.3,1.7,0.8,0.7,1.7,2.3,0.7,0.3,1.0,0.3,1.7,4.0
419,Ron Baker,9.7,0.4,1.5,0.25,0.1,0.8,0.111,0.3,0.6,0.429,0.281,0.5,0.5,0.833,0.1,0.5,0.6,1.2,0.5,0.0,0.3,1.5,1.3
420,Paul George,36.9,9.2,21.0,0.438,3.8,9.8,0.386,5.4,11.1,0.484,0.529,5.9,7.0,0.839,1.4,6.8,8.2,4.1,2.2,0.4,2.7,2.8,28.0
421,Russell Westbrook,36.0,8.6,20.2,0.428,1.6,5.6,0.29,7.0,14.5,0.481,0.468,4.1,6.2,0.656,1.5,9.6,11.1,10.7,1.9,0.5,4.5,3.4,22.9
422,Steven Adams,33.4,6.0,10.1,0.595,0.0,0.0,0.0,6.0,10.1,0.596,0.595,1.8,3.7,0.5,4.9,4.6,9.5,1.6,1.5,1.0,1.7,2.6,13.9
423,Jerami Grant,32.7,5.1,10.3,0.497,1.4,3.7,0.392,3.7,6.6,0.555,0.567,2.0,2.8,0.71,1.2,4.0,5.2,1.0,0.8,1.3,0.8,2.7,13.6
424,Dennis Schröder,29.3,5.8,14.0,0.414,1.6,4.6,0.341,4.2,9.4,0.45,0.47,2.4,2.9,0.819,0.5,3.1,3.6,4.1,0.8,0.2,2.2,2.4,15.5
425,Terrance Ferguson,26.1,2.5,5.8,0.429,1.4,3.9,0.366,1.1,1.9,0.56,0.552,0.5,0.7,0.725,0.4,1.5,1.9,1.0,0.5,0.2,0.6,3.1,6.9
426,lex Abrines,19.0,1.8,5.1,0.357,1.3,4.1,0.323,0.5,1.0,0.5,0.487,0.4,0.4,0.923,0.2,1.4,1.5,0.6,0.5,0.2,0.5,1.7,5.3
427,Markieff Morris,16.1,2.5,6.5,0.391,0.8,2.5,0.339,1.7,4.0,0.423,0.455,0.6,0.8,0.737,0.8,3.0,3.8,0.8,0.5,0.1,0.3,2.4,6.5
428,Nerlens Noel,13.7,2.1,3.6,0.587,0.0,0.0,0.0,2.1,3.6,0.587,0.587,0.7,1.0,0.684,1.6,2.6,4.2,0.6,0.9,1.2,0.6,2.2,4.9
429,Patrick Patterson,13.7,1.3,3.5,0.374,0.7,2.2,0.336,0.6,1.3,0.439,0.479,0.3,0.5,0.633,0.7,1.7,2.3,0.5,0.3,0.2,0.3,0.7,3.6
430,Raymond Felton,11.5,1.7,4.1,0.407,0.6,1.8,0.328,1.1,2.2,0.473,0.481,0.4,0.4,0.923,0.1,0.9,1.0,1.6,0.3,0.2,0.4,0.9,4.3
431,Abdel Nader,11.4,1.5,3.5,0.423,0.5,1.6,0.32,1.0,1.9,0.513,0.498,0.4,0.6,0.75,0.2,1.7,1.9,0.3,0.3,0.2,0.4,1.1,4.0
432,Hamidou Diallo,10.3,1.5,3.2,0.455,0.1,0.5,0.167,1.4,2.8,0.504,0.467,0.7,1.2,0.61,0.7,1.2,1.9,0.3,0.4,0.2,0.5,1.5,3.7
433,Deonte Burton,7.5,1.0,2.6,0.402,0.3,0.8,0.296,0.8,1.7,0.455,0.451,0.3,0.4,0.667,0.1,0.8,0.9,0.3,0.2,0.3,0.3,1.0,2.6
434,Timothé Luwawu-Cabarrot,5.9,0.6,2.0,0.302,0.2,1.0,0.227,0.4,1.0,0.381,0.36,0.2,0.3,0.667,0.2,0.7,0.9,0.2,0.2,0.0,0.2,0.7,1.7
435,Tyler Davis,1.0,0.0,1.0,0.0,0.0,0.0,0.0,0.0,1.0,0.0,0.0,0.0,0.0,0.0,1.0,0.0,1.0,0.0,0.0,0.0,0.0,0.0,0.0
436,Jawun Evans,1.0,0.0,1.0,0.0,0.0,1.0,0.0,0.0,0.0,0.0,0.0,0.0,0.0,0.0,0.0,0.0,0.0,0.0,0.0,0.0,0.0,0.0,0.0
437,Donte Grantham,0.7,0.0,0.7,0.0,0.0,0.7,0.0,0.0,0.0,0.0,0.0,0.0,0.0,0.0,0.0,0.0,0.0,0.0,0.0,0.0,0.0,0.0,0.0
438,Aaron Gordon,33.8,6.0,13.4,0.449,1.6,4.4,0.349,4.5,9.0,0.499,0.507,2.4,3.2,0.731,1.7,5.7,7.4,3.7,0.7,0.7,2.1,2.2,16.0
439,Evan Fournier,31.5,5.8,13.2,0.438,1.9,5.6,0.34,3.9,7.6,0.509,0.509,1.7,2.1,0.806,0.5,2.7,3.2,3.6,0.9,0.1,1.9,2.8,15.1
440,Nikola Vuevi,31.4,8.8,16.9,0.518,1.1,2.9,0.364,7.7,14.0,0.549,0.549,2.2,2.8,0.789,2.8,9.2,12.0,3.8,1.0,1.1,2.0,2.0,20.8
441,D.J. Augustin,28.0,3.9,8.4,0.47,1.6,3.8,0.421,2.3,4.5,0.511,0.566,2.2,2.6,0.866,0.5,2.0,2.5,5.3,0.6,0.0,1.6,1.4,11.7
442,Jonathan Isaac,26.6,3.5,8.1,0.429,1.1,3.5,0.323,2.3,4.6,0.51,0.499,1.5,1.8,0.815,1.3,4.2,5.5,1.1,0.8,1.3,1.0,1.9,9.6
443,Terrence Ross,26.5,5.4,12.7,0.428,2.7,7.0,0.383,2.8,5.7,0.484,0.534,1.6,1.8,0.875,0.3,3.1,3.5,1.7,0.9,0.4,1.1,1.5,15.1
444,Jonathon Simmons,20.6,2.5,7.0,0.364,0.5,2.0,0.229,2.1,5.0,0.419,0.397,1.4,1.8,0.778,0.6,1.9,2.4,2.3,0.4,0.3,1.4,1.7,6.9
445,Michael Carter-Williams,18.9,1.8,5.2,0.339,0.3,1.6,0.158,1.5,3.6,0.419,0.363,1.7,2.3,0.741,1.3,3.4,4.8,4.1,0.9,0.8,0.8,1.8,5.4
446,Wes Iwundu,18.1,1.7,4.0,0.412,0.4,1.2,0.367,1.2,2.9,0.431,0.465,1.2,1.5,0.816,0.5,2.2,2.7,1.1,0.4,0.3,0.6,1.8,5.0
447,Mo Bamba,16.3,2.5,5.2,0.481,0.4,1.5,0.3,2.0,3.7,0.555,0.525,0.8,1.3,0.587,1.4,3.6,5.0,0.8,0.3,1.4,0.9,2.2,6.2
448,Jerian Grant,15.7,1.5,3.7,0.418,0.7,1.8,0.364,0.9,1.8,0.473,0.509,0.4,0.7,0.65,0.3,1.3,1.6,2.6,0.7,0.1,0.9,1.3,4.2
449,Isaiah Briscoe,14.3,1.4,3.5,0.399,0.3,0.9,0.324,1.1,2.7,0.423,0.438,0.4,0.7,0.577,0.1,1.8,1.9,2.2,0.3,0.1,0.8,1.7,3.5
450,Khem Birch,12.9,1.8,3.0,0.603,0.0,0.0,0.0,1.8,3.0,0.607,0.603,1.2,1.7,0.699,1.6,2.2,3.8,0.8,0.4,0.6,0.4,1.4,4.8
451,Jarell Martin,7.8,1.0,2.5,0.413,0.5,1.4,0.351,0.5,1.1,0.489,0.51,0.2,0.3,0.818,0.3,1.5,1.7,0.4,0.1,0.2,0.3,1.2,2.7
452,Amile Jefferson,5.7,0.8,1.3,0.625,0.0,0.0,0.0,0.8,1.3,0.625,0.625,0.6,0.7,0.875,0.5,1.3,1.8,0.3,0.3,0.3,0.1,0.7,2.3
453,Melvin Frazier,4.4,0.7,2.1,0.333,0.0,0.6,0.0,0.7,1.5,0.467,0.333,0.1,0.4,0.25,0.3,0.2,0.5,0.1,0.1,0.0,0.1,0.6,1.5
454,Troy Caupain,4.0,1.0,2.0,0.5,0.5,0.8,0.667,0.5,1.3,0.4,0.625,0.0,0.0,0.0,0.3,0.5,0.8,1.0,0.3,0.0,0.0,0.0,2.5
455,Tobias Harris,35.0,6.9,14.8,0.469,1.6,5.0,0.326,5.3,9.8,0.542,0.524,2.7,3.3,0.841,1.2,6.7,7.9,2.9,0.4,0.5,1.6,2.3,18.2
456,Ben Simmons,34.2,6.8,12.2,0.563,0.0,0.1,0.0,6.8,12.1,0.566,0.563,3.3,5.4,0.6,2.2,6.6,8.8,7.7,1.4,0.8,3.5,2.6,16.9
457,Robert Covington,33.8,3.8,9.0,0.427,2.3,5.9,0.39,1.5,3.1,0.5,0.556,1.3,1.8,0.739,0.5,4.6,5.2,1.1,1.8,1.8,1.7,3.5,11.3
458,Joel Embiid,33.7,9.1,18.7,0.484,1.2,4.1,0.3,7.8,14.6,0.535,0.517,8.2,10.1,0.804,2.5,11.1,13.6,3.7,0.7,1.9,3.5,3.3,27.5
459,Jimmy Butler,33.2,6.3,13.6,0.461,0.9,2.7,0.338,5.3,10.9,0.491,0.494,4.8,5.5,0.868,1.9,3.4,5.3,4.0,1.8,0.5,1.5,1.7,18.2
460,J.J. Redick,31.3,5.9,13.5,0.44,3.2,8.0,0.397,2.8,5.6,0.502,0.557,3.0,3.4,0.894,0.3,2.2,2.4,2.7,0.4,0.2,1.3,1.7,18.1
461,Dario ari,30.5,3.7,10.2,0.364,1.6,5.4,0.3,2.1,4.8,0.435,0.443,2.1,2.3,0.9,1.6,5.0,6.6,2.0,0.3,0.2,1.9,3.0,11.1
462,Wilson Chandler,26.4,2.5,5.8,0.44,1.3,3.3,0.39,1.3,2.5,0.506,0.551,0.4,0.5,0.722,1.2,3.4,4.7,2.0,0.6,0.5,1.1,2.6,6.7
463,Mike Scott,24.0,2.8,7.0,0.4,1.8,4.4,0.412,1.0,2.6,0.38,0.529,0.4,0.6,0.667,0.7,3.1,3.8,0.8,0.3,0.2,0.6,2.5,7.8
464,Markelle Fultz,22.5,3.4,8.2,0.419,0.2,0.7,0.286,3.2,7.4,0.433,0.432,1.1,1.9,0.568,1.4,2.3,3.7,3.1,0.9,0.3,1.3,2.7,8.2
465,Mike Muscala,22.1,2.3,5.9,0.392,1.4,4.2,0.342,0.9,1.7,0.519,0.514,1.3,1.6,0.818,1.1,3.2,4.3,1.3,0.4,0.6,0.9,2.4,7.4
466,Landry Shamet,20.5,2.8,6.4,0.441,1.8,4.5,0.404,1.0,1.9,0.529,0.584,0.8,1.0,0.815,0.3,1.2,1.4,1.1,0.4,0.1,0.5,2.0,8.3
467,Corey Brewer,20.0,2.9,7.0,0.408,0.6,2.0,0.286,2.3,5.0,0.457,0.449,1.3,1.9,0.692,0.6,1.9,2.4,1.4,1.7,0.3,1.1,2.3,7.6
468,T.J. McConnell,19.3,2.9,5.5,0.525,0.2,0.6,0.333,2.7,5.0,0.546,0.542,0.4,0.5,0.784,0.4,1.9,2.3,3.4,1.0,0.2,1.2,1.4,6.4
469,Zhaire Smith,18.5,2.3,5.7,0.412,1.0,2.7,0.375,1.3,3.0,0.444,0.5,1.0,1.3,0.75,0.5,1.7,2.2,1.7,0.3,0.3,1.0,1.3,6.7
470,Greg Monroe,17.3,5.0,7.7,0.652,0.3,0.3,1.0,4.7,7.3,0.636,0.674,3.3,3.7,0.909,1.3,3.0,4.3,2.3,0.3,0.0,0.3,1.7,13.7
471,James Ennis III,15.6,1.9,4.6,0.41,0.6,2.0,0.306,1.3,2.6,0.489,0.476,0.9,1.3,0.696,1.3,2.3,3.6,0.8,0.2,0.4,0.6,2.2,5.3
472,Jonathon Simmons,14.6,1.9,4.3,0.453,0.6,1.4,0.429,1.3,2.9,0.465,0.523,1.1,1.7,0.64,0.3,1.5,1.7,2.2,0.7,0.1,0.8,1.4,5.5
473,Jonah Bolden,14.5,1.8,3.7,0.494,0.8,2.2,0.354,1.0,1.5,0.697,0.599,0.3,0.6,0.481,1.1,2.7,3.8,0.9,0.4,0.9,0.8,2.3,4.7
474,Furkan Korkmaz,14.1,2.0,5.1,0.4,1.0,3.0,0.326,1.1,2.1,0.505,0.496,0.8,0.9,0.818,0.3,1.9,2.2,1.1,0.6,0.0,0.5,1.3,5.8
475,Boban Marjanovi,13.9,3.4,5.5,0.625,0.2,0.4,0.5,3.2,5.1,0.634,0.642,1.2,1.6,0.722,1.5,3.7,5.1,1.5,0.2,0.5,1.0,1.5,8.2
476,Shake Milton,13.4,1.7,4.4,0.391,0.7,2.2,0.318,1.0,2.2,0.465,0.471,0.3,0.4,0.714,0.5,1.3,1.8,0.9,0.4,0.4,0.3,1.5,4.4
477,Amir Johnson,10.4,1.5,3.1,0.503,0.2,0.8,0.3,1.3,2.3,0.573,0.541,0.6,0.8,0.756,0.9,2.0,2.9,1.2,0.3,0.3,0.9,1.9,3.9
478,Haywood Highsmith,8.0,0.8,2.0,0.4,0.2,1.0,0.2,0.6,1.0,0.6,0.45,0.0,0.4,0.0,0.0,1.0,1.0,0.4,0.2,0.0,0.2,0.2,1.8
479,Justin Patton,7.0,0.7,2.3,0.286,0.0,0.7,0.0,0.7,1.7,0.4,0.286,0.3,0.7,0.5,0.7,1.3,2.0,1.0,0.7,0.0,0.0,1.7,1.7
480,Demetrius Jackson,6.5,1.3,2.5,0.533,0.3,1.0,0.333,1.0,1.5,0.667,0.6,0.7,0.7,1.0,0.3,0.2,0.5,0.8,0.3,0.0,0.2,0.7,3.7
481,Devin Booker,35.0,9.2,19.6,0.467,2.1,6.5,0.326,7.0,13.1,0.536,0.521,6.1,7.1,0.866,0.6,3.5,4.1,6.8,0.9,0.2,4.1,3.1,26.6
482,Trevor Ariza,34.0,3.3,8.7,0.379,1.9,5.3,0.36,1.4,3.4,0.409,0.489,1.4,1.7,0.837,0.6,5.0,5.6,3.3,1.5,0.3,1.5,1.7,9.9
483,T.J. Warren,31.6,6.9,14.2,0.486,1.8,4.2,0.428,5.1,10.0,0.51,0.549,2.3,2.9,0.815,0.7,3.3,4.0,1.5,1.2,0.7,1.2,2.8,18.0
484,Tyler Johnson,31.2,3.5,9.6,0.368,1.4,4.3,0.321,2.2,5.3,0.406,0.44,2.6,3.0,0.872,1.2,2.8,4.0,4.2,1.1,0.5,1.1,1.9,11.1
485,Deandre Ayton,30.7,7.2,12.3,0.585,0.0,0.1,0.0,7.2,12.2,0.588,0.585,2.0,2.7,0.746,3.1,7.1,10.3,1.8,0.9,0.9,1.8,2.9,16.3
486,Kelly Oubre Jr.,29.5,6.1,13.4,0.453,1.7,5.2,0.325,4.4,8.3,0.532,0.515,3.0,4.0,0.761,1.2,3.7,4.9,1.6,1.4,1.0,1.8,2.8,16.9
487,Mikal Bridges,29.5,3.0,6.9,0.43,1.3,3.8,0.335,1.7,3.0,0.548,0.523,1.2,1.4,0.805,0.7,2.5,3.2,2.1,1.6,0.5,0.9,2.5,8.3
488,Isaiah Canaan,26.5,2.7,6.8,0.395,1.3,3.8,0.347,1.4,3.0,0.456,0.492,0.8,1.1,0.75,0.3,2.3,2.6,3.3,0.6,0.0,1.5,2.4,7.5
489,Josh Jackson,25.2,4.4,10.6,0.413,0.9,2.8,0.324,3.5,7.8,0.445,0.456,1.8,2.7,0.671,0.8,3.6,4.4,2.3,0.9,0.7,2.2,2.6,11.5
490,De'Anthony Melton,19.7,2.0,5.1,0.391,0.6,1.9,0.305,1.4,3.2,0.441,0.447,0.4,0.6,0.75,0.5,2.2,2.7,3.2,1.4,0.5,1.5,2.3,5.0
491,Jamal Crawford,18.9,2.7,6.8,0.397,1.0,3.2,0.332,1.7,3.7,0.453,0.474,1.5,1.7,0.845,0.1,1.2,1.3,3.6,0.5,0.2,1.5,1.2,7.9
492,Ryan Anderson,18.5,1.3,4.0,0.317,0.5,2.3,0.206,0.8,1.7,0.462,0.375,0.7,0.9,0.786,0.9,2.1,3.0,1.1,0.2,0.1,0.8,1.5,3.7
493,Elie Okobo,18.1,2.2,5.5,0.393,0.7,2.5,0.295,1.4,3.0,0.475,0.46,0.7,0.9,0.787,0.2,1.6,1.8,2.4,0.6,0.1,1.3,2.1,5.7
494,Dragan Bender,18.0,1.9,4.3,0.447,0.5,2.2,0.218,1.4,2.1,0.688,0.503,0.7,1.2,0.593,0.7,3.2,4.0,1.2,0.4,0.5,0.8,2.0,5.0
495,Richaun Holmes,16.9,3.2,5.2,0.608,0.0,0.0,0.0,3.2,5.2,0.608,0.608,1.8,2.5,0.731,1.6,3.1,4.7,0.9,0.6,1.1,0.7,2.8,8.2
496,Troy Daniels,14.9,2.2,5.4,0.411,1.5,3.8,0.381,0.8,1.6,0.481,0.545,0.4,0.5,0.783,0.3,1.2,1.4,0.5,0.5,0.1,0.5,1.5,6.2
497,Tyson Chandler,12.7,1.1,1.7,0.667,0.0,0.0,0.0,1.1,1.7,0.667,0.667,1.4,2.6,0.556,1.0,4.6,5.6,0.9,0.3,0.1,1.0,3.0,3.7
498,Quincy Acy,12.3,0.4,1.8,0.222,0.2,1.5,0.133,0.2,0.3,0.667,0.278,0.7,1.0,0.7,0.3,2.2,2.5,0.8,0.1,0.4,0.4,2.4,1.7
499,Ray Spalding,11.3,1.9,3.6,0.532,0.0,0.2,0.0,1.9,3.4,0.568,0.532,0.3,0.9,0.333,1.2,2.5,3.7,0.4,0.7,0.6,0.7,1.8,4.2
500,Jimmer Fredette,10.8,1.3,4.8,0.276,0.0,2.2,0.0,1.3,2.7,0.5,0.276,1.0,1.0,1.0,0.2,1.0,1.2,1.3,0.5,0.0,0.8,0.8,3.7
501,Emanuel Terry,10.0,2.0,3.0,0.667,0.0,0.0,0.0,2.0,3.0,0.667,0.667,0.5,1.0,0.5,1.0,2.0,3.0,0.5,1.5,0.0,1.0,2.0,4.5
502,Jawun Evans,9.1,0.4,1.9,0.231,0.0,0.3,0.0,0.4,1.6,0.273,0.231,0.0,0.0,0.0,0.1,1.6,1.7,1.4,0.4,0.0,0.9,1.1,0.9
503,George King,6.0,0.0,0.0,0.0,0.0,0.0,0.0,0.0,0.0,0.0,0.0,0.0,0.0,0.0,0.0,1.0,1.0,0.0,0.0,0.0,0.0,0.0,0.0
504,Eric Moreland,5.0,0.0,0.0,0.0,0.0,0.0,0.0,0.0,0.0,0.0,0.0,0.0,0.0,0.0,0.0,3.0,3.0,0.0,0.0,0.0,0.0,1.0,0.0
505,Damian Lillard,35.5,8.5,19.2,0.444,3.0,8.0,0.369,5.6,11.1,0.499,0.522,5.9,6.4,0.912,0.9,3.8,4.6,6.9,1.1,0.4,2.7,1.9,25.8
506,CJ McCollum,33.9,8.2,17.8,0.459,2.4,6.4,0.375,5.8,11.4,0.506,0.527,2.3,2.7,0.828,0.9,3.1,4.0,3.0,0.8,0.4,1.5,2.5,21.0
507,Al-Farouq Aminu,28.3,3.2,7.3,0.433,1.2,3.5,0.343,2.0,3.9,0.514,0.514,1.9,2.1,0.867,1.4,6.1,7.5,1.3,0.8,0.4,0.9,1.8,9.4
508,Jusuf Nurki,27.4,5.8,11.5,0.508,0.0,0.4,0.103,5.8,11.1,0.523,0.51,3.9,5.1,0.773,3.4,7.0,10.4,3.2,1.0,1.4,2.3,3.5,15.6
509,Rodney Hood,24.4,3.6,8.0,0.452,1.1,3.1,0.345,2.6,4.9,0.519,0.518,1.2,1.5,0.805,0.3,1.4,1.7,1.3,0.8,0.3,0.7,1.7,9.6
510,Maurice Harkless,23.6,3.2,6.5,0.487,0.6,2.0,0.275,2.6,4.5,0.582,0.53,0.8,1.2,0.671,1.3,3.2,4.5,1.2,1.1,0.9,0.8,2.7,7.7
511,Enes Freedom,22.3,5.4,9.3,0.577,0.1,0.5,0.25,5.3,8.8,0.596,0.584,2.2,3.0,0.735,3.7,4.9,8.6,1.4,0.6,0.4,1.7,2.7,13.1
512,Evan Turner,22.0,2.8,6.1,0.46,0.2,0.7,0.212,2.6,5.4,0.494,0.473,1.0,1.5,0.708,0.5,4.0,4.5,3.9,0.5,0.2,1.6,1.5,6.8
513,Seth Curry,18.9,2.9,6.3,0.456,1.5,3.4,0.45,1.3,2.9,0.463,0.577,0.6,0.7,0.846,0.4,1.3,1.6,0.9,0.5,0.2,0.8,1.3,7.9
514,Jake Layman,18.7,3.0,6.0,0.509,0.8,2.5,0.326,2.2,3.4,0.646,0.579,0.7,1.0,0.704,0.8,2.3,3.1,0.7,0.4,0.4,0.6,1.6,7.6
515,Zach Collins,17.6,2.5,5.2,0.473,0.5,1.6,0.331,1.9,3.6,0.534,0.523,1.2,1.6,0.746,1.4,2.8,4.2,0.9,0.3,0.9,1.0,2.3,6.6
516,Nik Stauskas,15.3,2.2,5.2,0.419,1.0,2.8,0.344,1.2,2.4,0.51,0.513,0.7,0.8,0.889,0.2,1.6,1.8,1.4,0.3,0.1,0.9,0.7,6.1
517,Meyers Leonard,14.4,2.2,4.0,0.545,0.8,1.8,0.45,1.3,2.1,0.626,0.649,0.7,0.8,0.843,0.8,3.0,3.8,1.2,0.2,0.1,0.7,1.7,5.9
518,Caleb Swanigan,8.1,0.8,2.4,0.318,0.1,0.3,0.2,0.7,2.2,0.333,0.33,0.3,0.4,0.857,0.7,2.2,2.9,0.4,0.2,0.0,0.9,1.2,1.9
519,Gary Trent Jr.,7.4,1.1,3.3,0.32,0.3,1.4,0.238,0.7,1.9,0.379,0.37,0.2,0.5,0.429,0.1,0.7,0.7,0.3,0.1,0.1,0.3,0.3,2.7
520,Anfernee Simons,7.1,1.4,3.2,0.444,0.5,1.5,0.345,0.9,1.7,0.529,0.524,0.5,0.8,0.563,0.2,0.5,0.7,0.7,0.1,0.0,0.6,0.5,3.8
521,Skal Labissière,7.0,1.4,2.1,0.684,0.2,0.2,1.0,1.2,1.9,0.647,0.737,0.3,0.7,0.5,0.6,1.6,2.1,0.6,0.3,0.3,0.4,0.9,3.4
522,Wade Baldwin,5.9,0.6,2.1,0.303,0.1,0.6,0.222,0.5,1.5,0.333,0.333,0.5,0.7,0.727,0.1,0.8,0.9,0.8,0.1,0.1,0.9,0.7,1.9
523,Harrison Barnes,33.9,5.0,11.1,0.455,1.9,4.6,0.408,3.1,6.4,0.489,0.54,2.3,2.9,0.8,0.8,4.8,5.5,1.9,0.6,0.1,1.1,1.5,14.3
524,Buddy Hield,31.9,7.6,16.6,0.458,3.4,7.9,0.427,4.2,8.6,0.487,0.56,2.1,2.4,0.886,1.3,3.7,5.0,2.5,0.7,0.4,1.8,2.5,20.7
525,De'Aaron Fox,31.4,6.2,13.6,0.458,1.1,2.9,0.371,5.2,10.7,0.482,0.497,3.7,5.1,0.727,0.5,3.2,3.8,7.3,1.6,0.6,2.8,2.5,17.3
526,Bogdan Bogdanovi,27.8,5.2,12.3,0.418,1.9,5.3,0.36,3.2,7.0,0.462,0.496,1.9,2.3,0.827,0.6,2.9,3.5,3.8,1.0,0.2,1.7,2.0,14.1
527,Willie Cauley-Stein,27.3,5.1,9.1,0.556,0.0,0.0,0.5,5.1,9.1,0.556,0.557,1.7,3.1,0.551,2.2,6.1,8.4,2.4,1.2,0.6,1.0,2.8,11.9
528,Iman Shumpert,26.2,3.2,8.3,0.382,1.8,4.8,0.366,1.4,3.5,0.404,0.489,0.8,1.0,0.829,0.5,2.6,3.1,2.2,1.1,0.5,0.9,2.2,8.9
529,Marvin Bagley III,25.3,5.7,11.4,0.504,0.5,1.5,0.313,5.3,9.8,0.534,0.525,2.9,4.2,0.691,2.6,5.0,7.6,1.0,0.5,1.0,1.6,1.9,14.9
530,Nemanja Bjelica,23.2,3.7,7.7,0.479,1.3,3.3,0.401,2.4,4.4,0.539,0.566,0.9,1.2,0.761,1.6,4.1,5.8,1.9,0.7,0.7,1.1,2.6,9.6
531,Justin Jackson,20.8,2.4,5.7,0.424,1.1,3.1,0.346,1.3,2.6,0.515,0.517,0.8,1.0,0.82,0.5,2.3,2.8,1.3,0.4,0.3,0.4,1.3,6.7
532,Yogi Ferrell,15.0,2.2,5.0,0.435,0.8,2.1,0.362,1.4,2.9,0.488,0.511,0.8,0.9,0.896,0.2,1.4,1.5,1.9,0.5,0.1,0.6,0.9,5.9
533,Troy Williams,14.9,2.1,4.7,0.449,0.7,2.1,0.318,1.4,2.6,0.556,0.52,0.4,0.7,0.6,0.6,2.2,2.8,0.5,0.5,0.4,0.4,1.8,5.3
534,Corey Brewer,14.7,1.4,3.1,0.446,0.4,1.3,0.333,1.0,1.8,0.523,0.514,0.9,1.3,0.733,0.9,1.5,2.5,1.2,0.8,0.2,0.5,2.0,4.1
535,Harry Giles,14.1,3.0,6.0,0.503,0.0,0.1,0.0,3.0,5.9,0.512,0.503,1.0,1.6,0.637,1.1,2.7,3.8,1.5,0.5,0.4,1.3,2.6,7.0
536,Kosta Koufos,12.0,1.7,3.6,0.477,0.0,0.0,0.0,1.7,3.6,0.477,0.477,0.2,0.6,0.417,1.2,3.0,4.2,0.9,0.4,0.4,0.6,1.6,3.7
537,Frank Mason III,11.4,1.9,4.4,0.42,0.4,1.7,0.219,1.5,2.8,0.543,0.462,1.0,1.5,0.684,0.2,1.0,1.1,2.2,0.4,0.1,0.9,0.9,5.1
538,Caleb Swanigan,11.0,1.3,3.0,0.444,0.0,0.7,0.0,1.3,2.3,0.571,0.444,0.0,0.7,0.0,1.3,2.7,4.0,1.3,0.7,0.3,0.7,2.0,2.7
539,Alec Burks,9.8,0.7,1.5,0.45,0.0,0.5,0.0,0.7,1.1,0.643,0.45,0.3,0.4,0.8,0.2,1.5,1.7,0.8,0.6,0.1,0.3,0.5,1.7
540,Skal Labissière,8.7,1.0,2.3,0.433,0.3,0.8,0.364,0.7,1.5,0.474,0.5,0.5,0.8,0.545,0.3,1.5,1.8,0.5,0.2,0.2,0.5,1.6,2.8
541,Ben McLemore,8.3,1.3,3.4,0.391,0.9,2.2,0.415,0.4,1.2,0.348,0.523,0.4,0.6,0.667,0.2,0.7,0.9,0.2,0.3,0.2,0.3,1.2,3.9
542,B.J. Johnson,6.0,1.0,2.0,0.5,0.0,1.0,0.0,1.0,1.0,1.0,0.5,0.0,0.0,0.0,0.0,0.0,0.0,0.0,0.0,0.0,0.0,1.0,2.0
543,DeMar DeRozan,34.9,8.2,17.1,0.481,0.1,0.6,0.156,8.1,16.5,0.492,0.483,4.8,5.7,0.83,0.7,5.3,6.0,6.2,1.1,0.5,2.6,2.3,21.2
544,LaMarcus Aldridge,33.2,8.4,16.3,0.519,0.1,0.5,0.238,8.3,15.8,0.528,0.522,4.3,5.1,0.847,3.1,6.1,9.2,2.4,0.5,1.3,1.8,2.2,21.3
545,Bryn Forbes,28.0,4.4,9.6,0.456,2.1,5.0,0.426,2.3,4.6,0.489,0.568,0.8,1.0,0.885,0.2,2.7,2.9,2.1,0.5,0.0,1.0,1.9,11.8
546,Rudy Gay,26.7,5.4,10.8,0.504,1.1,2.7,0.402,4.4,8.1,0.537,0.554,1.7,2.1,0.816,0.9,5.9,6.8,2.6,0.8,0.5,1.7,2.3,13.7
547,Derrick White,25.8,3.9,8.1,0.479,0.7,2.1,0.338,3.2,6.0,0.529,0.523,1.4,1.8,0.772,0.5,3.2,3.7,3.9,1.0,0.7,1.4,2.2,9.9
548,Patty Mills,23.3,3.4,8.1,0.425,1.9,4.9,0.394,1.5,3.2,0.475,0.545,1.1,1.3,0.854,0.3,1.9,2.2,3.0,0.6,0.1,1.1,1.6,9.9
549,Marco Belinelli,23.0,3.6,8.7,0.413,1.9,5.0,0.372,1.7,3.7,0.468,0.52,1.4,1.6,0.903,0.2,2.3,2.5,1.7,0.4,0.1,0.9,1.5,10.5
550,Dvis Bertns,21.5,2.7,6.0,0.45,1.9,4.4,0.429,0.8,1.5,0.513,0.61,0.7,0.8,0.883,0.3,3.2,3.5,1.3,0.5,0.4,0.6,1.8,8.0
551,Jakob Poeltl,16.5,2.4,3.8,0.645,0.0,0.0,0.0,2.4,3.8,0.645,0.645,0.6,1.2,0.533,2.3,3.0,5.3,1.2,0.4,0.9,0.6,1.6,5.5
552,Dante Cunningham,14.5,1.2,2.5,0.475,0.5,1.0,0.462,0.7,1.5,0.484,0.57,0.2,0.3,0.778,0.8,2.2,2.9,0.8,0.4,0.2,0.3,1.1,3.0
553,Pau Gasol,12.2,1.5,3.3,0.466,0.2,0.4,0.5,1.3,2.9,0.462,0.494,1.0,1.4,0.711,0.8,3.9,4.7,1.9,0.2,0.5,0.5,1.0,4.2
554,Lonnie Walker IV,6.9,0.9,2.7,0.348,0.3,0.8,0.385,0.6,1.9,0.333,0.402,0.5,0.6,0.8,0.0,1.0,1.0,0.5,0.4,0.2,0.2,0.4,2.6
555,Quincy Pondexter,5.5,0.5,1.1,0.5,0.1,0.3,0.333,0.4,0.8,0.575,0.552,0.6,0.8,0.81,0.2,0.7,0.9,0.5,0.2,0.0,0.2,0.5,1.8
556,Chimezie Metu,5.0,0.7,2.0,0.328,0.0,0.1,0.0,0.7,1.9,0.339,0.328,0.4,0.6,0.765,0.3,0.9,1.2,0.4,0.2,0.1,0.5,0.5,1.8
557,Drew Eubanks,4.9,0.7,1.1,0.577,0.0,0.0,0.0,0.7,1.1,0.577,0.577,0.5,0.6,0.846,0.3,1.2,1.5,0.3,0.1,0.2,0.3,0.5,1.8
558,Donatas Motiejnas,4.3,1.0,2.0,0.5,0.0,0.0,0.0,1.0,2.0,0.5,0.5,0.0,0.7,0.0,0.7,0.3,1.0,0.3,0.0,0.3,1.0,2.0,2.0
559,Kawhi Leonard,34.0,9.3,18.8,0.496,1.9,5.0,0.371,7.5,13.8,0.542,0.546,6.1,7.1,0.854,1.3,6.0,7.3,3.3,1.8,0.4,2.0,1.5,26.6
560,Kyle Lowry,34.0,4.7,11.4,0.411,2.4,7.0,0.347,2.3,4.4,0.514,0.518,2.5,3.0,0.83,0.6,4.2,4.8,8.7,1.4,0.5,2.8,2.6,14.2
561,Pascal Siakam,31.9,6.5,11.8,0.549,1.0,2.7,0.369,5.5,9.1,0.602,0.591,3.0,3.8,0.785,1.6,5.3,6.9,3.1,0.9,0.7,1.9,3.0,16.9
562,Danny Green,27.7,3.7,7.9,0.465,2.5,5.4,0.455,1.2,2.4,0.487,0.622,0.5,0.6,0.841,0.8,3.2,4.0,1.6,0.9,0.7,0.9,2.1,10.3
563,Fred VanVleet,27.5,3.8,9.4,0.41,1.8,4.6,0.378,2.1,4.8,0.441,0.503,1.5,1.8,0.843,0.3,2.3,2.6,4.8,0.9,0.3,1.3,1.7,11.0
564,Serge Ibaka,27.2,6.3,11.9,0.529,0.7,2.3,0.29,5.6,9.6,0.586,0.557,1.8,2.4,0.763,2.1,6.0,8.1,1.3,0.4,1.4,1.5,2.9,15.0
565,Marc Gasol,24.9,3.3,7.2,0.465,0.9,2.0,0.442,2.5,5.2,0.474,0.527,1.5,2.0,0.769,0.9,5.7,6.6,3.9,0.9,0.9,1.4,2.7,9.1
566,OG Anunoby,20.2,2.7,6.0,0.453,1.0,3.0,0.332,1.7,3.0,0.574,0.536,0.5,0.9,0.581,0.9,2.1,2.9,0.7,0.7,0.3,0.8,2.1,7.0
567,Jeremy Lin,18.8,2.5,6.7,0.374,0.5,2.4,0.2,2.0,4.3,0.47,0.41,1.5,1.8,0.81,0.3,2.3,2.6,2.2,0.4,0.3,1.1,2.1,7.0
568,Jonas Valaninas,18.8,5.0,8.6,0.575,0.3,1.0,0.3,4.7,7.6,0.611,0.593,2.6,3.1,0.819,1.8,5.4,7.2,1.0,0.4,0.8,1.3,2.7,12.8
569,Norman Powell,18.8,3.2,6.7,0.483,1.1,2.8,0.4,2.1,3.8,0.543,0.568,1.0,1.3,0.827,0.3,2.1,2.3,1.5,0.7,0.2,1.1,1.6,8.6
570,Delon Wright,18.3,2.6,6.0,0.433,0.6,1.8,0.333,2.0,4.1,0.478,0.485,1.1,1.2,0.869,0.8,1.8,2.6,2.2,0.9,0.3,0.8,1.1,6.9
571,C.J. Miles,14.1,1.8,5.2,0.34,1.1,3.4,0.314,0.7,1.7,0.391,0.444,0.9,1.1,0.795,0.3,1.4,1.7,0.6,0.5,0.3,0.5,1.6,5.5
572,Patrick McCaw,13.2,0.9,2.1,0.444,0.3,0.9,0.333,0.6,1.2,0.533,0.519,0.5,0.6,0.867,0.3,1.5,1.7,1.0,0.8,0.1,0.5,1.4,2.7
573,Jodie Meeks,13.0,2.6,4.9,0.538,1.0,2.3,0.444,1.6,2.6,0.619,0.641,0.1,0.1,1.0,0.1,1.4,1.5,1.0,0.1,0.1,0.3,0.6,6.4
574,Greg Monroe,11.1,1.9,4.2,0.46,0.0,0.1,0.0,1.9,4.1,0.471,0.46,0.9,1.6,0.574,1.6,2.5,4.1,0.4,0.3,0.2,0.8,1.6,4.8
575,Eric Moreland,9.5,0.8,1.8,0.429,0.3,0.3,1.0,0.5,1.5,0.333,0.5,0.0,0.0,0.0,1.0,3.3,4.3,1.0,0.3,0.3,1.3,2.0,1.8
576,Lorenzo Brown,8.2,0.9,2.7,0.324,0.2,1.1,0.214,0.7,1.7,0.395,0.366,0.1,0.1,1.0,0.2,1.0,1.2,1.1,0.5,0.2,0.6,0.8,2.1
577,Malcolm Miller,6.7,1.1,2.6,0.423,1.0,2.1,0.476,0.1,0.5,0.2,0.615,0.3,0.4,0.75,0.1,0.4,0.5,0.1,0.1,0.1,0.1,0.5,3.5
578,Chris Boucher,5.8,1.2,2.7,0.447,0.4,1.3,0.324,0.8,1.4,0.564,0.526,0.5,0.5,0.867,0.6,1.4,2.0,0.1,0.2,0.9,0.3,1.1,3.3
579,Malachi Richardson,4.7,0.4,1.3,0.31,0.4,1.1,0.32,0.0,0.2,0.25,0.448,0.2,0.2,0.8,0.1,0.5,0.6,0.0,0.0,0.0,0.4,0.6,1.4
580,Jordan Loyd,4.6,0.7,1.5,0.444,0.3,0.7,0.5,0.3,0.8,0.4,0.556,0.8,0.9,0.818,0.1,0.7,0.8,0.5,0.0,0.0,0.2,0.4,2.4
581,Donovan Mitchell,33.7,8.6,19.9,0.432,2.4,6.7,0.362,6.1,13.1,0.468,0.493,4.1,5.1,0.806,0.8,3.3,4.1,4.2,1.4,0.4,2.8,2.7,23.8
582,Rudy Gobert,31.8,5.9,8.8,0.669,0.0,0.0,0.0,5.9,8.8,0.669,0.669,4.1,6.4,0.636,3.8,9.0,12.9,2.0,0.8,2.3,1.6,2.9,15.9
583,Joe Ingles,31.3,4.4,9.8,0.448,2.3,5.9,0.391,2.1,3.9,0.533,0.565,1.1,1.5,0.707,0.4,3.6,4.0,5.7,1.2,0.2,2.4,2.2,12.1
584,Ricky Rubio,27.9,4.3,10.7,0.404,1.2,3.7,0.311,3.2,7.0,0.454,0.458,2.9,3.4,0.855,0.5,3.1,3.6,6.1,1.3,0.1,2.6,2.6,12.7
585,Jae Crowder,27.1,4.0,10.0,0.399,2.2,6.5,0.331,1.8,3.4,0.527,0.508,1.8,2.5,0.721,0.8,4.1,4.8,1.7,0.8,0.4,1.1,2.1,11.9
586,Derrick Favors,23.2,4.8,8.1,0.586,0.2,1.0,0.218,4.6,7.1,0.64,0.6,2.0,3.0,0.675,2.7,4.6,7.4,1.2,0.7,1.4,1.1,2.1,11.8
587,Royce O'Neale,20.4,2.0,4.2,0.475,0.8,2.1,0.386,1.2,2.0,0.569,0.574,0.4,0.5,0.762,0.3,3.2,3.5,1.5,0.7,0.3,0.9,2.1,5.2
588,Kyle Korver,20.1,3.1,7.5,0.408,2.1,5.4,0.384,1.0,2.1,0.469,0.547,0.9,1.1,0.825,0.2,2.3,2.5,1.2,0.4,0.2,0.8,1.6,9.1
589,Alec Burks,15.8,2.8,6.7,0.412,0.9,2.5,0.372,1.8,4.2,0.437,0.482,1.9,2.2,0.868,0.1,1.5,1.6,1.2,0.4,0.2,0.9,1.3,8.4
590,Dante Exum,15.8,2.4,5.7,0.419,0.4,1.5,0.29,2.0,4.3,0.464,0.456,1.6,2.0,0.791,0.4,1.2,1.6,2.6,0.3,0.1,1.2,1.6,6.9
591,Raul Neto,12.8,2.0,4.4,0.46,0.5,1.6,0.333,1.5,2.7,0.535,0.522,0.8,0.9,0.848,0.2,1.5,1.7,2.5,0.4,0.1,0.9,1.3,5.3
592,Thabo Sefolosha,12.2,1.4,3.0,0.477,0.7,1.6,0.436,0.7,1.4,0.521,0.591,0.3,0.4,0.636,0.2,2.3,2.5,0.5,0.9,0.1,0.5,0.8,3.8
593,Tony Bradley,12.0,2.7,5.3,0.5,0.0,0.0,0.0,2.7,5.3,0.5,0.5,0.3,0.7,0.5,3.0,2.0,5.0,0.3,0.7,0.7,1.0,2.0,5.7
594,Grayson Allen,10.9,1.8,4.7,0.376,0.8,2.6,0.323,0.9,2.1,0.443,0.466,1.2,1.6,0.75,0.1,0.5,0.6,0.7,0.2,0.2,0.9,1.2,5.6
595,Georges Niang,8.7,1.5,3.1,0.475,0.7,1.8,0.41,0.7,1.3,0.566,0.594,0.3,0.4,0.833,0.2,1.3,1.5,0.6,0.2,0.1,0.4,1.0,4.0
596,Ekpe Udoh,6.3,1.0,1.4,0.694,0.0,0.0,0.0,1.0,1.4,0.694,0.694,0.4,0.6,0.633,0.5,1.2,1.8,0.5,0.2,0.6,0.3,0.7,2.3
597,Naz Mitrou-Long,6.0,0.4,1.4,0.3,0.1,0.8,0.182,0.3,0.6,0.444,0.35,0.1,0.1,1.0,0.1,0.4,0.4,1.1,0.1,0.1,0.6,0.7,1.1
598,Tyler Cavanaugh,3.5,0.3,0.9,0.3,0.1,0.5,0.2,0.2,0.5,0.4,0.35,0.2,0.2,1.0,0.3,0.5,0.7,0.1,0.0,0.0,0.1,0.3,0.8
599,Bradley Beal,36.9,9.3,19.6,0.475,2.5,7.3,0.351,6.8,12.4,0.548,0.54,4.4,5.5,0.808,1.1,3.9,5.0,5.5,1.5,0.7,2.7,2.8,25.6
600,John Wall,34.5,7.7,17.3,0.444,1.6,5.3,0.302,6.1,12.0,0.507,0.49,3.8,5.5,0.697,0.5,3.2,3.6,8.7,1.5,0.9,3.8,2.2,20.7
601,Trevor Ariza,34.1,4.8,11.8,0.409,2.2,6.9,0.322,2.6,5.0,0.528,0.502,2.2,2.8,0.777,0.8,4.5,5.3,3.8,1.2,0.3,1.6,2.0,14.1
602,Otto Porter Jr.,29.0,4.9,10.8,0.457,1.6,4.3,0.369,3.3,6.5,0.515,0.531,1.2,1.6,0.766,1.0,4.7,5.6,2.0,1.6,0.5,1.0,1.9,12.6
603,Bobby Portis,27.4,5.6,12.8,0.44,1.7,4.3,0.403,3.9,8.5,0.458,0.507,1.4,1.7,0.809,2.3,6.4,8.6,1.5,0.9,0.4,1.6,3.0,14.3
604,Jabari Parker,27.3,6.0,11.4,0.523,1.0,3.2,0.296,5.0,8.2,0.613,0.565,2.1,3.0,0.684,1.5,5.7,7.2,2.7,0.9,0.6,2.7,2.3,15.0
605,Jeff Green,27.2,4.2,8.9,0.475,1.4,4.2,0.347,2.8,4.8,0.586,0.555,2.4,2.7,0.888,0.7,3.3,4.0,1.8,0.6,0.5,1.3,2.1,12.3
606,Tomá Satoransk,27.1,3.2,6.6,0.485,0.8,2.0,0.395,2.4,4.6,0.524,0.545,1.6,2.0,0.819,1.0,2.5,3.5,5.0,1.0,0.2,1.5,2.2,8.9
607,Markieff Morris,26.0,4.2,9.6,0.436,1.4,4.2,0.333,2.8,5.4,0.516,0.509,1.7,2.1,0.781,1.2,3.9,5.1,1.8,0.7,0.6,1.4,3.4,11.5
608,Kelly Oubre Jr.,26.0,4.6,10.5,0.433,1.4,4.6,0.311,3.1,6.0,0.526,0.5,2.3,2.9,0.8,0.8,3.6,4.4,0.7,0.9,0.7,1.0,2.4,12.9
609,Dwight Howard,25.6,4.8,7.7,0.623,0.0,0.0,0.0,4.8,7.7,0.623,0.623,3.2,5.3,0.604,2.7,6.6,9.2,0.4,0.8,0.4,1.8,3.8,12.8
610,Austin Rivers,23.6,2.6,6.7,0.392,1.1,3.7,0.311,1.5,3.0,0.489,0.477,0.9,1.6,0.543,0.3,2.1,2.4,2.0,0.6,0.3,1.2,2.5,7.2
611,Thomas Bryant,20.8,4.3,7.0,0.616,0.5,1.4,0.333,3.8,5.6,0.685,0.648,1.5,1.9,0.781,1.6,4.7,6.3,1.3,0.3,0.9,0.8,1.8,10.5
612,Sam Dekker,16.3,2.6,5.5,0.471,0.4,1.3,0.286,2.2,4.2,0.528,0.505,0.5,0.9,0.556,1.2,1.9,3.0,1.0,0.7,0.2,0.5,0.9,6.1
613,Chasson Randle,15.2,1.9,4.4,0.419,0.9,2.3,0.4,0.9,2.1,0.441,0.525,0.9,1.3,0.694,0.2,0.9,1.1,2.0,0.5,0.1,0.9,1.9,5.5
614,Ian Mahinmi,14.6,1.4,3.1,0.452,0.1,0.5,0.188,1.3,2.6,0.5,0.466,1.2,1.8,0.689,1.4,2.4,3.8,0.7,0.7,0.5,0.6,2.5,4.1
615,Troy Brown Jr.,14.0,1.9,4.5,0.415,0.4,1.3,0.319,1.4,3.2,0.455,0.462,0.6,0.9,0.681,0.7,2.1,2.8,1.5,0.4,0.1,0.6,1.1,4.8
616,Devin Robinson,13.6,2.7,4.6,0.594,0.0,0.3,0.0,2.7,4.3,0.633,0.594,1.3,2.0,0.643,0.9,2.0,2.9,0.9,0.6,0.9,0.3,1.6,6.7
617,Wesley Johnson,13.1,0.8,3.3,0.25,0.5,2.2,0.231,0.3,1.2,0.286,0.325,0.6,0.8,0.7,0.2,1.3,1.5,0.6,0.2,0.4,0.5,1.5,2.8
618,Jordan McRae,12.3,2.3,4.8,0.469,0.4,1.3,0.286,1.9,3.5,0.537,0.508,1.0,1.3,0.8,0.2,1.3,1.5,1.1,0.5,0.3,0.6,1.0,5.9
619,Ron Baker,11.3,0.0,1.0,0.0,0.0,1.0,0.0,0.0,0.0,0.0,0.0,0.0,0.0,0.0,0.0,1.0,1.0,0.5,0.3,0.3,0.5,0.5,0.0
620,Jason Smith,10.8,1.3,3.1,0.405,0.3,0.8,0.4,0.9,2.3,0.407,0.459,0.8,1.0,0.833,0.9,2.2,3.1,1.0,0.1,0.4,0.6,1.8,3.7
621,Gary Payton II,5.3,1.7,2.7,0.625,0.3,0.7,0.5,1.3,2.0,0.667,0.688,0.0,0.0,0.0,0.3,0.3,0.7,1.3,1.0,0.3,0.3,0.7,3.7
622,John Jenkins,3.5,0.5,0.5,1.0,0.5,0.5,1.0,0.0,0.0,0.0,1.5,0.0,0.0,0.0,0.0,0.3,0.3,0.3,0.0,0.0,0.0,0.0,1.5
623,Okaro White,2.0,0.0,0.7,0.0,0.0,0.7,0.0,0.0,0.0,0.0,0.0,0.0,0.0,0.0,0.3,0.3,0.7,0.0,0.0,0.0,0.0,0.0,0.0
